Nummer;01_1;01_2;01_3;01_4;01_5;01_6;01b;2;3;4;5;06_1;06_2;06_3;06_4;06_5;06_6;06_7;06_8;07_1;07_2;06b;08_1;08_2;09_1;09_2;10_1;10_2;11_1;11_2;12_1;12_2;13#1_1;13#1_2;13#1_3;13#1_4;13#1_5;13#1_6;13#2_1;13#2_2;13#2_3;13#2_4;13#2_5;13#2_6;14_1;14_2;14_3;14_4;14_5;14_6;14_7;14_8;15_1_1;15_1_2;15_2_1;15_2_2;15_3_1;15_3_2;15_4_1;15_4_2;15_5_1;15_5_2;15_6_1;15_6_2;16_1;16_2;17_1;17_2;17_3;17_4;17_5;17_6;17_7;17_8;17_9;17_10;17_10_TEXT;18_1;18_2;18_3;18_4;18_5;18_6;18_7;18_8;18_9;18_10;18_11;18b;19_1;19_2;19_3;19_4;19_5;19_6;19_7;19_8;19_9;19_10;20;20_5_TEXT;21;21_5_TEXT;22_1;22_2;22_3;22_4;22_5;22_5_TEXT;23;24
1;5;1;1;3;1;1;;2;4;4;3;5;5;5;2;3;4;2;1;4;2;;2;2;4;3;3;3;3;3;3;3;4;3;3;3;3;4;3;3;3;3;4;4;2;3;2;3;2;3;3;3;1;;1;;1;;1;;;1;;1;1;1;1;;;1;;;1;1;;;;2;3;3;3;3;3;3;2;3;2;2;Keine ;1;1;1;1;2;2;2;2;2;2;2;;2;;;1;;;;;2;2
2;5;2;1;2;1;1;;1;5;5;;5;5;4;2;4;4;4;1;4;3;;3;4;2;2;3;1;3;2;2;1;3;4;3;4;4;4;2;2;2;4;4;3;4;5;3;5;5;4;4;4;1;1;1;;1;1;1;1;1;1;1;1;2;2;1;;1;;1;;;1;;;;4;2;4;4;3;4;4;1;3;1;1;;1;1;1;1;1;1;1;2;2;2;1;;4;;;;;1;;;2;3
3;5;1;1;2;1;2;Wikipedia ;1;4;5;;5;4;4;1;1;1;2;1;2;2;;5;5;;;;;;;3;3;4;3;1;5;4;2;2;3;1;3;4;3;3;3;1;5;4;3;2;1;1;;1;;1;;1;;1;;1;;1;2;1;1;;;;;1;;;;;5;3;2;1;4;2;2;1;1;1;1;;1;1;1;2;1;2;2;2;2;2;1;;1;;1;1;;;;;2;4
4;4;2;1;2;1;1;;1;4;4;1;5;1;4;1;2;1;1;1;2;1;;4;5;1;;3;;2;;2;1;2;4;3;5;3;3;1;1;1;1;1;1;2;4;2;5;4;3;2;3;1;;1;;1;;1;;1;;;1;2;2;1;;;;;1;1;;;;;5;2;3;3;2;1;4;1;1;1;1;;1;2;1;2;1;2;1;2;2;2;5;Video + Texte;2;;;;;1;;;1;3
5;5;1;1;2;1;1;;1;4;5;;4;4;4;1;2;2;1;1;1;1;;4;4;1;2;2;1;2;2;2;2;3;1;1;4;2;2;2;1;1;4;4;2;4;2;1;4;3;3;2;2;;;;;1;;;;;;;;2;2;1;;;;;;1;;;;;4;4;1;1;1;1;2;1;1;1;1;;1;1;2;2;2;2;1;2;2;2;2;;2;;;1;;1;;;1;3
6;5;2;2;2;1;2;;4;3;5;;5;1;4;1;1;1;1;4;4;3;Xing;4;4;3;3;2;3;3;3;2;1;3;4;1;3;3;3;2;2;1;3;3;2;3;3;2;3;3;3;3;3;1;1;1;;1;1;;1;1;;;1;2;2;1;1;;;;;1;;;;;4;3;1;1;3;1;3;1;1;1;3;;1;1;2;2;2;2;1;2;2;2;2;;2;;;1;;;;;1;4
7;5;1;1;4;1;1;;2;5;4;;5;5;5;1;2;1;1;1;2;1;;5;5;;;;;;;1;1;4;2;1;4;3;1;1;1;1;1;1;1;2;1;2;5;4;3;1;3;1;;;;1;;;;;;;;2;2;1;;1;;;;1;;;;;5;3;1;1;1;1;4;1;1;1;1;;1;2;2;2;2;2;2;2;2;2;4;;4;;;;;1;;;2;3
8;5;1;1;2;1;3;local.ch;1;5;5;;5;5;4;1;2;1;1;4;4;1;Jodel;4;5;2;;3;;3;;1;1;2;1;3;3;1;3;1;1;1;1;1;1;4;3;4;4;4;4;3;2;1;;1;;1;;1;;;;;;2;2;1;1;;;;;1;;1;;;4;3;1;3;2;3;1;1;1;1;1;;1;2;2;1;2;1;2;2;2;2;2;;4;;;1;;1;;;2;2
9;5;1;1;2;1;1;;1;3;5;;5;5;5;2;1;1;1;1;1;4;;5;4;;2;;2;;4;3;3;1;3;2;4;4;1;2;1;3;3;4;3;3;3;1;4;4;2;1;3;1;1;1;1;1;1;1;1;1;1;;1;1;1;1;;;;;;1;;;;;5;2;2;1;2;1;1;1;1;1;1;;1;2;1;2;1;2;2;2;2;2;1;;1;;;;;1;;;2;3
10;5;1;1;4;1;1;;1;5;4;;5;1;5;1;1;1;1;1;2;1;;3;4;2;2;4;4;3;3;4;2;3;2;1;3;3;3;;;;;;;3;1;1;3;4;4;2;2;;1;1;;1;;;1;;1;;1;2;2;1;1;;;1;;1;;;;;5;4;1;1;1;1;1;1;1;1;1;;1;2;2;2;2;2;2;2;2;2;1;;2;;1;;;;;;1;3
11;5;1;1;1;1;1;;3;5;5;;5;5;5;1;1;1;1;1;1;1;;4;4;2;2;1;1;;;3;1;4;1;1;4;3;2;1;1;1;4;3;2;3;1;1;3;3;4;2;2;1;1;;;1;1;;;;;;;1;1;1;;;;;;;;;;;4;3;1;1;2;2;1;1;1;1;1;;1;1;2;2;2;1;2;2;2;2;1;;1;;1;1;;;;;1;2
12;5;2;1;1;1;1;;3;5;5;;5;5;4;1;1;2;1;1;3;1;;4;5;2;;2;;3;;2;1;2;1;1;3;3;3;;;;;;;3;2;1;4;4;4;3;3;1;;1;;1;;1;;1;;1;;1;2;1;1;;;;;1;;;;;4;2;2;1;3;3;2;1;1;1;1;;1;2;2;2;1;1;1;2;2;2;2;;2;;;1;;;;;1;6
13;5;1;1;2;1;1;;1;1;1;3;1;5;5;1;2;5;5;1;4;4;;3;5;2;;3;;4;;1;1;3;5;1;4;4;3;3;5;1;4;4;3;3;3;1;5;5;3;3;3;1;;1;;1;;1;;1;;1;;2;2;1;;;;;;;;;;;5;3;4;1;1;3;4;1;1;3;1;;1;2;1;2;2;1;1;2;2;1;4;;4;;;;;1;;;2;2
14;5;1;1;1;1;1;;1;5;5;;5;5;4;1;1;4;1;1;3;1;;4;5;2;;2;;1;;2;2;4;4;2;3;2;2;1;1;1;1;1;1;2;3;2;5;4;2;2;2;1;;;1;;1;;;1;;;;2;2;1;;1;;;;;;1;;;4;2;2;2;2;3;2;1;1;1;1;;1;1;1;1;1;1;2;2;2;2;2;;4;;;1;;;;;2;3
15;5;1;1;1;1;1;;1;5;5;;5;1;4;1;1;1;1;1;1;1;;5;5;;;;;;;1;1;5;3;1;1;1;1;1;1;1;1;1;1;3;3;1;4;3;2;1;1;;;;;;;;;;;;;2;2;1;;;;;;;;;;;5;2;1;1;1;1;1;1;1;1;1;;1;1;2;2;2;2;2;2;2;2;1;;4;;;;;1;;;2;3
16;5;1;1;1;1;1;;2;5;4;;5;5;3;1;4;1;1;1;3;2;;5;2;;2;;2;;2;2;2;3;3;4;4;4;3;3;3;2;2;2;2;3;3;2;4;4;3;3;3;1;;1;1;1;1;1;;1;;1;;2;2;1;1;;;;;1;;;;;5;3;3;2;1;1;1;1;1;1;1;;1;1;2;1;2;2;2;2;2;2;1;;3;;;1;;;;;2;3
17;5;1;1;1;1;2;;2;4;5;;4;5;5;1;1;5;1;1;5;5;;2;4;2;2;3;1;1;1;2;3;5;3;3;3;3;3;5;3;3;3;3;3;3;3;3;4;4;3;3;4;;1;1;;;1;;1;;;;;2;2;;;;;;;1;;;;;4;3;3;2;2;3;1;1;1;1;1;;1;1;1;1;2;1;2;2;2;2;1;;4;;;;;1;;;2;3
18;5;3;1;1;3;1;;1;4;5;;5;5;4;1;2;1;1;1;2;1;;5;4;;1;;1;;3;1;1;3;3;1;4;3;1;1;1;1;3;4;1;3;2;1;5;4;3;2;2;1;;1;;1;;1;;1;;;1;2;2;1;;1;;;;1;1;;;;3;2;2;1;2;2;2;1;1;1;1;;1;1;2;2;2;2;2;2;2;2;1;;1;;1;;;;;;1;3
19;5;1;1;3;1;1;;1;4;4;1;4;5;3;1;3;1;1;1;2;2;;3;4;2;2;1;1;3;3;1;1;3;1;1;5;4;1;1;1;1;1;1;1;3;1;1;5;4;4;1;1;;;1;;1;;1;;;;;;2;2;1;1;;;;;;;;;;4;1;1;1;1;1;1;1;1;1;1;;1;2;2;2;2;1;2;2;2;2;1;;1;;;1;;;;;2;3
20;5;1;1;3;1;1;;5;2;3;1;5;2;4;1;1;1;1;1;4;2;;5;5;;;;;;;2;1;4;3;3;4;2;3;1;1;1;1;1;1;2;3;3;4;4;3;2;1;1;;1;;1;;1;;1;;1;;1;1;1;;;;;;1;;;;;5;2;2;2;3;1;2;1;1;1;1;;1;1;2;2;1;2;2;1;2;2;2;;2;;;1;;;;;2;3
21;5;1;1;1;1;1;;1;5;5;;5;5;5;5;5;2;1;1;3;1;;2;5;3;;3;;3;;2;1;4;3;1;4;3;2;1;1;1;1;1;1;3;2;1;4;1;3;1;4;1;;1;;1;;1;;1;;1;;2;2;1;1;;;;;1;;;;;5;4;1;1;3;2;1;1;1;1;1;;1;1;2;2;1;2;2;2;2;2;1;;1;;;1;;;;;2;4
22;5;1;1;4;1;2;Firefox;1;5;5;;5;4;4;1;1;2;1;1;4;4;;3;3;2;3;2;2;2;3;2;2;2;4;2;4;3;3;3;3;2;4;4;2;4;1;1;4;4;3;2;2;;1;1;1;;1;;1;1;1;;1;1;1;1;;;;;;;;;;;3;4;1;1;3;3;3;1;1;1;1;;1;1;2;2;1;1;2;2;2;2;1;;2;;;1;;;;;2;3
23;5;2;1;2;1;1;;3;5;5;;4;4;2;1;2;1;1;1;1;1;;5;5;;;;;;;1;1;3;2;1;4;4;1;3;1;1;4;4;1;3;2;2;5;5;5;2;3;1;1;1;;;1;1;1;1;1;1;1;2;2;;1;;;;;1;;;;;3;3;1;1;1;1;1;1;1;1;1;;1;1;2;2;2;2;2;2;2;2;5;Fachzeitschrift;2;;;1;;;1;Fachzeitschrift;1;4
24;5;2;1;2;2;1;;4;4;5;;2;1;5;1;2;1;1;1;2;1;;2;4;2;1;2;1;5;1;1;1;2;2;3;4;5;2;;;;;;;3;3;4;4;5;5;1;2;1;;1;;1;;1;;;;;;2;2;1;1;;;;;1;;;;;5;2;2;3;1;1;4;1;1;1;1;;1;2;1;1;2;2;1;;2;2;4;;4;;;;;1;;;1;3
25;5;1;2;1;1;2;keine;2;4;5;;5;5;4;4;1;4;1;2;4;2;keine weiteren;4;5;2;;2;;2;;3;1;2;2;1;3;3;3;1;1;1;3;3;1;3;3;1;4;4;4;3;3;1;;1;;1;;1;;1;;;1;1;2;1;;;;1;1;1;;;;;4;2;1;1;3;4;2;2;1;1;1;;1;2;2;2;1;1;2;2;2;2;4;;4;;;;;1;;;1;3
26;5;1;1;2;1;1;;4;4;3;2;4;4;5;2;3;1;3;1;2;3;;2;2;3;3;1;3;1;2;1;1;2;2;2;2;2;3;4;3;3;2;3;4;3;4;3;3;4;3;2;1;;1;1;1;;1;;;;;;1;1;1;1;;;1;;1;1;;;;;4;2;2;3;3;2;4;1;3;2;1;;1;2;2;1;2;2;1;2;2;2;4;;4;;;1;;1;;;1;3
27;3;1;1;1;1;1;;1;5;5;;1;1;5;1;1;1;1;1;1;1;;5;5;;;;;;;1;1;2;1;1;4;3;1;1;1;1;1;1;1;3;1;1;5;3;2;1;1;1;;1;;1;;1;;1;;1;;2;2;1;;;;;;1;;;;;2;2;1;1;1;1;1;1;1;1;1;;1;2;2;2;2;2;2;2;2;2;1;;2;;1;1;;;;;1;3
28;5;1;1;1;1;1;;1;5;5;;5;5;3;1;5;2;1;1;3;2;;4;4;2;2;2;1;3;3;1;1;4;4;2;4;4;3;4;3;3;3;3;3;4;4;2;4;4;4;3;4;1;1;1;;1;1;1;1;1;1;;1;2;2;1;;;;;;1;;;;;4;4;4;1;3;2;2;2;2;1;1;;1;1;1;2;1;2;2;2;2;2;1;;2;;1;;;;1;Kombination aus Text und Bild;2;3
29;4;1;1;4;1;4;Wikipedia;2;4;5;;1;5;4;1;1;1;1;1;2;1;;5;5;;;;;;;1;1;2;3;1;4;2;2;1;1;1;1;1;1;3;3;1;5;5;3;1;2;;;;;1;;;;;;;;2;2;1;;;;;;1;1;1;;;2;2;2;1;1;1;1;1;1;1;1;;1;1;2;2;2;2;2;2;2;2;5;Informiere mich sehr selten darÅueber;5;Brauche eigentlich nichts;1;;;;;;2;3
30;5;1;1;1;1;1;;1;5;5;;2;5;5;2;5;2;1;1;2;2;;4;2;2;2;1;1;3;3;1;1;3;3;1;2;2;2;1;1;1;3;1;1;2;3;2;4;4;3;2;1;;1;;;;;;;;;;;2;2;1;;1;;;;;;;;;5;4;1;1;1;1;1;1;1;1;1;;1;1;2;2;2;2;2;2;2;2;4;;4;;;;;1;;;1;3
31;5;1;1;1;1;1;;2;5;5;;4;5;5;1;3;1;1;2;2;2;;4;4;1;1;1;1;1;1;1;1;3;1;1;3;3;1;2;1;1;3;4;1;3;2;1;4;4;4;2;3;1;;1;;1;1;1;1;1;;;;2;2;1;1;;;;;1;;;;;4;3;2;1;1;1;1;1;1;1;1;;1;1;2;2;2;2;2;2;2;2;2;;4;;;;;1;;;1;3
32;5;1;1;4;1;1;;4;3;5;;4;4;5;1;1;1;1;1;2;1;;4;5;1;;1;;2;;3;3;3;1;2;3;3;2;3;1;2;3;4;2;3;3;2;4;4;4;3;4;1;;1;;1;;;;1;;;;2;2;1;;;;;;;1;;;;4;3;1;1;1;1;1;1;1;1;1;;1;1;2;2;2;2;2;2;2;2;2;;2;;1;1;;;;;2;3
33;5;1;1;2;1;1;;1;2;3;1;4;5;4;1;5;1;1;1;4;2;;3;4;2;1;3;1;2;1;3;1;4;4;2;5;4;2;2;1;1;3;4;1;3;2;1;5;4;5;3;2;1;1;1;;1;1;1;1;1;1;;1;2;2;1;1;;;;;1;;1;;;4;3;2;2;2;3;2;1;3;1;1;;1;1;2;2;2;2;2;2;1;2;1;;4;;;;;1;;;1;3
34;5;1;1;1;1;1;;1;5;5;;5;1;4;1;1;1;1;1;5;5;;3;3;3;3;3;3;2;2;2;2;4;3;1;3;3;3;3;3;1;3;3;3;3;3;1;3;4;4;3;3;1;1;1;1;1;1;1;1;1;1;1;1;1;1;1;;1;;1;;1;;;;;4;3;2;1;3;1;2;1;1;1;1;;1;1;2;2;2;2;2;2;2;2;1;;1;;1;;;;;;2;4
35;5;2;2;2;2;2;-;2;4;5;;4;5;5;1;5;3;1;1;5;2;;3;3;3;3;3;1;3;2;2;1;3;2;2;4;3;3;1;1;1;4;4;1;3;3;2;5;5;4;2;2;1;;1;;1;;;1;1;;;1;2;2;1;;;;;;1;1;;;;4;3;3;2;1;3;2;1;2;1;1;;1;1;1;1;2;1;2;2;2;2;1;;4;;;;;1;;;2;3
36;5;;;;;1;;3;3;5;;5;1;1;1;1;1;1;2;3;3;;4;4;2;2;1;1;3;3;1;1;2;2;2;2;2;2;2;2;2;2;2;2;2;2;2;2;2;2;2;3;1;1;;;;;;;;;;;2;2;1;1;;;;;1;;;;;3;1;1;1;4;1;1;1;1;1;1;;2;2;2;2;1;2;2;2;2;2;1;;4;;1;;;;;;1;7
37;5;1;1;2;1;1;;2;5;5;;1;1;4;1;1;1;1;1;1;1;;4;4;2;2;1;1;3;3;1;1;3;2;1;4;2;1;2;1;1;4;4;1;3;1;1;4;4;2;1;1;1;;1;;1;;;;;;;;2;2;1;;;;;;1;;;;;4;4;2;1;1;1;1;1;1;1;1;;1;1;2;2;2;2;2;2;2;2;1;;1;;1;;;;;;1;3
38;5;1;1;2;1;1;;2;3;5;;5;5;4;1;5;5;5;1;1;1;;5;5;;;;;;;1;1;5;3;1;3;3;1;5;1;1;4;4;1;5;3;1;4;4;3;1;1;1;;1;;1;;1;;1;1;;1;2;2;1;;1;;;;;;;;;5;5;2;1;1;1;1;1;1;1;1;;1;1;2;2;2;2;2;2;2;2;1;;1;;1;;;;;;2;2
39;5;2;1;1;1;1;;1;2;3;1;5;5;5;1;2;5;5;2;5;3;Whatsapp;4;4;2;1;2;1;2;1;3;1;3;4;1;4;3;4;1;1;1;1;1;1;3;3;1;4;4;3;2;1;1;;1;;1;1;1;1;1;;1;1;2;2;1;;1;;;1;1;;;;;4;3;2;1;1;3;3;1;1;1;1;;1;1;1;2;2;2;1;2;2;2;4;;4;;;;;1;;;2;2
40;5;1;1;2;1;1;;4;5;5;;4;5;4;1;3;2;1;1;2;1;;4;5;2;;1;;3;;2;2;3;1;1;4;3;1;3;2;1;4;4;1;3;2;1;5;4;2;1;2;1;1;1;;1;1;;1;;1;;;2;2;1;1;;;;;1;1;;;;4;3;2;1;1;1;1;1;2;1;1;;1;1;2;2;2;2;2;2;2;2;1;;1;;1;;;;;;1;3
41;4;2;2;2;1;2;;2;4;4;1;4;1;3;3;1;3;1;1;3;2;;4;4;2;1;2;2;3;2;3;2;4;2;2;3;2;2;3;1;2;3;2;2;3;3;3;4;4;3;3;3;1;1;;1;;1;1;1;;1;1;1;2;2;1;;;;;;1;;;;;4;3;2;1;3;1;2;2;1;1;1;;1;1;2;2;1;2;2;2;2;2;1;;1;;;;;1;;;1;4
42;5;1;1;1;1;2;Duckduckgo;2;5;5;;5;5;3;1;3;1;2;1;3;1;;5;5;;;;;;;1;1;3;3;3;3;2;4;1;1;1;1;1;1;2;2;2;4;3;4;3;2;;;;;;;;;;;;;2;2;1;;;1;1;;;1;;;;4;2;1;2;1;3;1;1;1;1;1;;2;2;2;2;2;1;2;2;2;2;2;;2;;1;1;;;;;2;3
43;5;3;1;1;1;1;;1;4;5;;5;1;5;1;1;1;1;1;2;1;;5;5;;;;;;;1;1;3;3;3;4;4;2;1;1;1;1;1;1;2;2;1;3;3;2;1;1;1;;;;;;;;;;;;2;2;1;;;;;1;1;;;;;5;3;2;1;2;1;2;1;1;1;1;;1;2;2;2;2;2;2;2;2;2;1;;4;;1;;;1;;;2;3
44;5;1;1;1;1;1;;1;4;5;;3;3;3;2;4;1;2;1;3;1;;4;4;2;2;2;2;3;3;1;1;4;4;1;3;3;2;4;4;1;3;3;2;4;2;1;4;3;3;3;3;1;;;;;;1;1;1;1;1;1;2;2;1;;;;;1;1;;;;;5;5;3;1;1;1;1;1;1;1;1;;1;1;1;2;1;1;2;2;2;2;1;;2;;;1;;;;;1;3
45;4;1;2;3;1;1;;1;3;4;1;4;5;3;1;1;3;1;1;4;2;;3;5;3;;1;;2;;2;2;4;3;1;4;3;3;4;4;1;4;4;2;5;4;1;5;5;3;3;3;;1;1;;1;;1;;1;;;1;1;1;1;;;;;;1;;1;;;5;3;3;1;3;3;1;1;1;1;1;;1;1;1;2;2;2;2;2;2;2;2;;2;;;1;;;;;2;3
46;5;1;2;2;1;2;DuckDuckgo;3;5;5;;5;5;5;1;1;1;1;1;2;1;;5;5;;;;;;;1;1;3;1;1;4;4;2;;;;;;;4;2;2;5;4;3;2;2;;;;;;;;;;;;;1;2;1;;;;;;;;;;;5;3;1;1;1;1;1;1;1;1;2;Freunde;1;1;2;2;2;2;2;2;2;2;1;;1;;;;;1;;;1;5
47;5;1;1;1;1;1;;1;4;5;;1;5;5;1;1;1;1;1;1;1;;5;5;;;;;;;1;1;4;1;1;4;4;1;4;2;2;4;4;2;3;1;1;4;4;3;1;1;1;;1;;1;;;;;;;;2;2;1;;;;;;1;;;1;Face to face;3;1;1;1;1;1;1;1;1;1;1;;1;2;2;2;2;2;2;2;2;2;4;;5;Keine ;;;;1;;;1;3
48;5;1;2;1;1;1;;3;4;4;1;5;5;5;1;5;1;1;1;5;2;;1;4;3;3;3;3;4;2;5;5;3;4;4;4;4;4;1;4;1;4;4;2;4;3;4;5;5;2;2;2;;1;1;1;1;1;1;1;;1;;1;1;2;1;;;1;;1;1;;;;;5;3;3;3;;3;3;1;3;1;1;;1;1;1;1;1;1;1;2;2;2;4;;4;;;;;1;;;2;3
49;4;1;1;2;1;1;;1;5;5;;5;1;5;1;2;1;1;1;3;;;4;5;2;;2;;4;;2;1;3;3;1;3;3;2;1;1;1;3;3;1;3;3;2;4;4;4;3;3;;;;;1;;1;;;;;;2;2;1;1;;;;;1;;;1;Website;5;2;1;1;3;1;1;1;1;1;1;;1;1;2;2;2;2;2;2;2;2;2;;5;Weniger Werbung;;;;;1;Die Wahrheit;2;3
50;5;1;1;1;1;1;;1;5;5;;1;1;5;1;1;1;1;1;2;1;;5;5;;;;;;;1;1;1;3;1;2;1;1;1;1;1;1;1;1;2;3;2;3;2;2;3;2;1;;1;;1;;1;;1;;1;;2;2;;;;;;1;1;;;;;4;1;1;1;1;1;4;1;1;1;1;;1;2;2;2;2;2;1;2;2;2;4;;4;;;;;1;;;2;6
51;5;1;1;1;1;1;;1;3;5;;1;1;4;1;1;1;1;1;1;1;;5;5;;;;;;;1;1;4;1;1;4;3;1;1;1;1;1;1;1;4;2;2;5;4;3;2;2;;;1;;;;;;;;;;2;2;;1;;;;1;1;;;;;5;4;1;1;1;1;1;1;1;1;1;;1;1;2;2;2;2;2;2;2;2;1;;;;1;1;;;;;1;3
52;5;1;1;2;1;1;;3;2;4;3;4;4;2;1;1;1;2;1;2;1;;4;5;3;;2;;2;;2;1;3;1;2;4;4;2;4;1;1;1;1;1;3;4;3;4;4;4;3;2;1;;1;;1;;;;1;;;;1;1;1;;;;;;1;;1;;;5;3;3;2;3;3;2;1;1;1;1;;1;1;2;2;1;1;2;2;2;2;2;;4;;;1;;;;;1;4
53;5;1;1;2;1;1;;3;4;5;;4;5;3;1;2;3;1;1;3;1;;3;5;3;;2;;3;;2;1;3;2;2;4;1;2;1;1;1;1;1;1;3;2;2;3;1;2;2;2;1;;1;;1;;;;;;;;2;2;1;1;;;;;1;;;;;4;3;1;2;2;2;1;1;1;1;1;;1;1;2;2;2;2;2;2;2;2;1;;1;;1;;;;;;2;4
54;5;1;1;2;1;2;;3;5;5;;2;2;4;2;4;1;1;1;1;1;;4;4;2;2;1;1;5;4;2;2;4;4;2;4;4;2;4;4;2;4;4;2;5;5;1;5;4;3;2;2;1;1;1;;1;1;1;1;1;1;1;1;2;2;1;;;;1;;1;;;;;5;4;4;2;2;2;2;1;2;1;1;;1;1;1;2;1;2;1;2;1;2;4;;4;;;;;1;;;1;3
55;5;1;1;1;1;2;Erinnere mich gerade nicht;2;5;4;;1;1;5;1;2;1;1;1;5;4;;3;3;2;2;3;2;3;2;2;2;3;2;1;2;2;2;1;2;1;2;3;3;2;2;1;3;3;4;2;2;1;1;1;;1;;1;1;1;1;1;1;1;2;1;1;;;;1;1;;;;;4;2;1;1;1;1;3;1;2;1;1;;1;2;2;2;2;2;1;2;2;2;4;;4;;;;;1;;;1;5
56;5;1;2;2;1;1;;3;1;5;;5;5;4;1;1;1;1;1;5;4;;1;3;4;3;1;1;3;3;1;1;3;5;1;3;4;2;1;1;1;3;4;1;2;1;1;4;4;4;2;1;1;;1;;1;;1;;1;;1;;1;1;1;;;1;;;;;;;;5;3;1;1;3;3;3;1;1;1;1;;1;1;2;2;2;2;1;2;2;2;;;;;;;;;;;1;3
57;5;1;1;4;1;3;;1;5;5;;1;2;2;2;5;1;1;4;2;4;Xing;4;3;2;3;2;3;3;4;2;4;4;3;1;4;3;1;3;3;2;4;4;2;4;3;2;5;4;3;3;3;1;1;1;;1;;1;1;;1;;1;2;2;1;;;;;;1;;;;;2;3;2;1;1;1;1;2;1;1;1;;1;1;2;2;2;2;2;2;2;2;1;;1;;;;;1;;;2;5
58;5;1;1;2;1;5;DuckDuckGo;3;5;5;;1;1;5;4;4;1;1;4;2;1;Xing;5;5;;;;;;;2;2;5;1;1;3;4;2;4;1;1;3;4;2;4;1;1;3;4;4;1;3;;1;;;;1;;1;;;;1;2;2;1;;1;;;;1;;1;;;5;4;1;1;1;1;1;2;3;1;1;;1;1;2;2;2;2;2;2;2;2;1;;1;;1;;;;;;1;5
59;4;1;1;1;1;4;;4;3;5;;5;1;4;1;1;1;2;2;3;2;sunrise Tv;3;5;1;;1;;2;;3;2;2;2;1;2;2;2;2;2;2;2;2;2;3;2;1;3;3;3;3;3;1;;;;;;;;;;;;2;2;1;;;;;;1;;;;;4;3;1;1;3;1;2;1;1;1;1;;1;2;2;2;1;2;2;2;2;2;1;;1;;1;;;;;;1;4
60;5;1;1;2;1;2;;2;3;4;1;5;5;4;1;4;3;1;1;3;2;;3;1;2;4;4;4;2;2;2;2;2;1;1;3;3;3;;;;;;;3;1;1;4;4;4;4;4;1;1;1;1;1;1;1;1;1;1;1;1;1;1;1;;1;;;;1;;1;;;5;2;1;1;2;2;2;1;1;1;1;;1;2;2;2;1;2;2;2;2;2;3;;4;;;;;1;;;2;5
61;5;4;1;3;1;1;;1;5;5;;1;1;4;1;5;1;1;1;3;1;;5;5;;;;;;;1;1;3;1;1;3;3;1;1;1;1;2;2;1;4;2;2;4;3;3;2;3;1;;1;;1;;1;;1;;;1;2;2;1;;;;;;1;;;;;5;4;1;1;1;1;2;1;1;1;1;;1;1;2;2;2;2;2;2;2;2;1;;2;;;1;;;;;1;6
62;5;1;1;3;1;1;;2;4;5;;5;5;5;1;1;1;1;1;4;1;;5;5;;;;;;;2;2;1;2;2;3;3;3;;;;;;;4;;4;;4;4;4;4;1;;1;;1;;1;;1;;1;;2;2;1;;;;;;1;;;;;5;2;3;3;4;4;4;1;1;1;1;;1;2;2;1;1;2;2;2;2;2;1;;1;;1;1;;;;;2;3
63;5;1;1;2;1;1;;3;4;4;1;4;4;4;1;1;2;1;1;3;1;;3;5;1;;1;;2;;1;1;4;3;1;3;2;3;1;1;1;1;1;1;3;2;1;4;3;4;2;3;1;;1;;1;;1;;1;;1;;1;2;1;1;;;;;1;;;;;5;3;2;1;2;2;2;1;1;1;1;;1;2;2;2;1;1;2;2;2;2;1;;4;;;;;1;;;2;4
64;5;2;2;2;1;1;;3;5;5;;1;4;4;2;2;1;1;1;4;3;;5;5;;;;;;;1;1;3;3;2;3;4;2;3;3;2;3;4;2;3;3;2;4;4;4;3;2;;1;1;;;1;;1;;1;;1;1;1;1;;1;;;;1;;1;;;4;4;3;1;1;2;4;2;2;1;1;;1;1;1;2;2;2;1;2;2;2;1;;4;;1;;;1;;;1;5
65;5;1;1;4;1;1;;2;5;5;;1;5;5;1;4;1;1;1;4;3;;2;2;4;5;3;3;2;2;2;2;2;2;1;3;3;2;2;2;1;2;3;2;3;2;1;4;4;4;3;3;1;;1;;1;1;1;;1;1;;1;2;2;1;1;1;;;;1;;;;;4;2;1;1;1;3;3;1;3;1;1;;1;2;2;2;2;1;2;2;2;2;1;;4;;;;;1;;;1;4
66;5;2;1;3;1;1;;3;5;5;;1;1;3;1;1;1;1;1;1;1;;5;5;;;;;;;1;1;3;1;1;1;1;1;1;1;1;1;1;1;1;1;1;2;1;3;1;1;1;;1;;;;;;;;;;1;2;1;1;;;;;1;;;;;3;2;1;1;1;1;1;1;1;1;1;;1;1;2;2;2;2;2;2;2;2;2;;2;;1;1;;;;;1;4
67;5;1;1;2;1;1;;1;5;5;;5;5;5;1;3;1;1;1;3;1;;5;5;;;;;;;1;1;2;4;3;4;4;2;2;2;1;3;4;1;3;4;3;5;5;4;2;1;;;;;;;;;;;;;2;2;1;;1;;;;1;;;;;5;1;3;3;1;2;2;1;1;1;1;;1;2;1;1;2;2;1;2;2;2;1;;2;;;1;;;;;1;2
68;5;1;1;1;1;5;"DuckDuckGo
Brave";1;5;5;;5;5;4;1;4;1;2;1;2;1;;4;5;2;;2;;4;;2;3;5;1;1;2;2;2;3;1;1;1;3;1;2;2;1;3;3;3;2;1;1;1;1;;1;;1;;1;;1;;1;1;1;;;;1;;1;;;1;Jira/Slack;5;4;1;1;1;1;2;1;1;1;1;;1;1;2;2;2;2;2;2;2;2;2;;2;;;1;;;;;1;4
69;5;5;1;2;1;2;altavista;3;5;5;;5;5;5;1;1;2;1;1;5;1;;3;5;2;;3;;3;;2;1;2;3;2;2;2;3;1;2;1;4;4;2;3;3;2;4;4;4;3;2;1;;1;;1;;1;;1;;1;;1;2;1;;1;1;;;;1;;;;2;2;3;2;3;4;1;1;1;1;1;;2;2;1;2;2;1;2;2;2;2;1;;4;;;;;1;;;1;3
70;5;1;1;2;1;1;;2;4;5;;2;4;3;1;4;1;1;1;2;2;;5;5;;;;;;;1;1;3;2;1;4;3;1;2;1;1;3;4;1;4;3;1;5;4;4;2;4;1;1;1;;1;;1;;;;;;2;2;1;;1;;;1;;;;;;4;3;1;1;1;2;3;1;2;1;1;;1;1;2;2;2;1;2;2;2;2;1;;4;;;;;1;;;1;4
71;5;1;1;1;1;1;;1;5;5;;1;1;3;1;1;1;1;2;1;1;keine mehr, Facebook habe ich nach 10 intensiven Jahren im September 2019 deaktiviert;5;5;;;;;;;1;1;2;1;1;4;4;1;2;1;1;4;4;1;4;2;2;4;4;4;3;3;1;1;1;1;1;1;1;1;1;1;1;1;2;2;1;1;;;;;1;;1;;;5;2;1;1;1;1;1;1;1;1;3;Zeitung, Magazine, Prospekte;1;1;2;2;1;2;2;2;2;2;2;;1;;1;;;;;;2;4
72;5;1;1;3;1;1;;3;5;5;;5;5;4;4;4;1;1;1;2;2;;4;4;2;2;2;2;2;2;1;1;2;2;2;3;3;2;2;2;2;2;3;2;2;2;2;2;3;3;2;2;1;1;1;1;1;1;1;1;1;1;;;1;1;1;;1;;1;;;;;;;2;2;2;2;2;1;1;1;1;1;1;;1;1;1;2;1;2;1;2;2;2;1;;1;;1;;;;;;1;6
73;5;2;3;3;1;1;;4;5;5;;1;1;4;1;1;1;1;1;1;1;;5;5;;;;;;;2;1;2;1;1;3;3;1;2;1;1;3;3;1;1;1;1;3;3;4;1;1;1;;;;;;1;1;;;1;1;2;2;1;1;1;;;;1;;;;;3;1;1;1;1;1;2;1;1;1;1;;1;2;2;2;2;2;2;2;2;2;1;;1;;1;1;;;;;2;5
74;5;1;1;1;1;1;;1;5;5;;5;4;5;2;1;2;1;1;1;1;;5;5;;;;;;;1;1;4;1;1;3;3;1;3;1;1;3;3;1;4;2;1;4;4;3;2;3;1;1;1;1;1;;1;;;;;;2;2;1;;;;;1;1;;;1;WhatsApp;5;4;1;1;1;1;1;1;1;1;1;;1;1;2;2;1;1;2;2;2;2;5;Texte/Bilder und Videos;5;Videoanleitungenp;;;;1;;;1;4
75;4;1;1;1;1;1;;2;3;4;1;4;2;4;1;1;1;1;1;1;1;;5;5;;;;;;;1;1;3;3;2;3;2;2;1;1;1;1;1;1;3;2;2;4;4;3;2;3;1;;1;;1;;1;;1;;1;;2;2;1;;;;;;;;;;;4;3;1;1;2;1;1;1;1;1;1;;1;1;2;2;1;2;2;2;2;2;1;;2;;;1;;;;;2;3
76;5;1;1;5;1;1;;1;5;5;;5;5;5;1;5;1;1;3;5;2;Printerest;4;4;2;2;3;1;2;2;3;1;3;3;3;4;3;4;1;1;1;1;3;2;3;3;2;3;3;3;3;2;1;;1;;;;;;1;;1;;2;2;1;;;;;1;1;;1;;;5;3;2;1;1;1;2;1;3;1;2;;1;2;2;2;2;2;2;;2;1;2;;4;;;;;1;;;2;3
77;5;1;1;2;1;1;;3;5;5;;5;5;5;5;4;2;5;5;2;1;Telegram, Whats App;4;5;2;;2;;4;;3;1;3;2;1;3;3;2;1;1;1;1;1;1;4;1;1;4;4;5;1;2;1;;1;1;1;1;;;1;;1;1;1;1;1;1;;;;;;;;1;Persînlich ;4;2;1;1;1;1;1;1;1;1;1;;1;1;2;2;2;2;2;2;2;2;1;;2;;1;;;;;;2;4
78;5;1;1;1;1;1;;3;5;5;;2;1;2;1;5;1;1;1;2;1;;3;4;3;2;1;1;3;3;3;1;4;2;1;4;4;2;1;1;1;1;1;1;4;3;1;4;4;5;2;2;1;1;;;;;;;;1;1;1;1;2;1;;;;;;;;;;;5;3;1;1;1;1;2;1;1;1;1;;1;1;2;2;2;2;1;2;2;2;1;;1;;1;;;;;;1;3
79;5;1;1;2;1;2;google scholar;3;3;5;;5;1;5;2;5;1;1;1;2;1;;4;5;2;;1;;2;;1;1;2;1;1;3;3;4;2;1;1;3;3;2;3;2;1;4;4;2;3;2;1;;1;;;;;;;;;;2;2;1;;;;;;;;1;;;4;2;1;1;2;1;2;1;1;1;1;;1;2;2;2;1;2;1;2;2;2;4;;4;;;;;1;;;1;5
80;5;1;1;1;1;1;;3;3;5;;1;1;5;1;1;1;1;1;2;1;;5;5;;;;;;;3;2;4;3;1;3;3;2;2;2;1;2;2;2;3;2;1;4;3;3;2;3;;;;;;;;;;;;;1;2;1;;1;;;;1;;;;;5;2;2;1;1;1;3;1;1;1;1;;1;1;2;2;2;2;1;2;2;2;4;;1;;1;;;;;;1;4
81;5;1;1;2;2;1;;1;4;5;;5;5;5;2;1;1;1;1;3;1;;5;5;;;;;;;2;1;2;1;1;3;3;2;1;1;1;1;1;1;3;2;1;4;4;2;1;2;1;;1;;;;1;;1;;;1;1;2;1;;1;;;1;1;;;;;4;1;1;1;3;1;3;1;1;1;1;;1;1;2;2;1;2;2;2;2;2;1;;4;;;;;1;;;2;5
82;5;1;1;1;1;1;;3;3;5;;5;5;5;3;4;2;1;1;4;2;;4;4;2;2;4;2;3;1;1;1;4;4;4;4;4;2;3;1;1;3;3;1;3;2;3;4;4;4;1;1;1;1;1;;1;;;1;;1;;;2;2;1;;;;;;1;;1;;;4;3;1;1;1;1;1;1;2;1;1;;1;1;2;2;2;1;2;2;2;2;5;Webseite;4;;;;1;1;;;2;3
83;5;1;1;1;1;2;Fireball;2;5;5;;2;1;3;1;4;1;1;1;1;1;;5;4;;1;;1;;3;1;1;3;2;1;4;3;1;1;1;1;1;4;1;3;2;1;4;3;3;2;1;;;1;;;;1;;;;1;;2;2;1;;;;;;;;;1;Keine;3;3;2;1;1;1;2;1;1;1;1;;2;1;2;2;2;2;1;2;2;2;1;;5;Kein - werbeÅberflut;1;;;;;;1;3
84;5;2;1;2;1;4;duckduckgo;2;4;4;2;1;1;3;3;3;1;1;3;3;2;;4;4;2;2;3;3;4;4;3;3;4;4;2;4;3;3;3;2;1;3;4;3;3;3;2;4;3;3;3;2;1;1;;;;1;;1;;1;1;1;1;1;1;;;;1;;;;1;;;4;3;3;1;1;1;1;2;2;1;1;;1;1;1;2;2;2;2;2;2;2;1;;1;;1;;;;;;1;3
85;5;1;1;2;1;3;Bibliothekskataloge, Swisslex, Swissbib;2;3;5;;1;5;5;1;2;5;1;2;4;3;Whatsapp, Quizlet;5;4;;1;;1;;3;1;1;4;1;1;5;5;3;3;1;1;2;4;1;4;1;2;5;5;3;3;1;1;;1;;1;1;1;1;1;;;1;1;1;1;1;;;;1;1;;;;;5;4;1;2;2;3;1;1;1;1;1;;1;1;2;2;2;2;2;2;2;2;4;;4;;;;;1;;;2;2
86;5;1;1;1;1;1;;1;4;5;;4;5;5;1;4;1;1;1;4;1;;5;5;;;;;;;1;1;4;4;1;4;3;1;1;1;1;1;4;1;4;4;2;5;5;3;4;3;;;1;;1;1;;;1;;;1;2;2;1;;1;;;;;1;;;;5;4;3;2;1;4;3;1;2;1;4;Pinterest;1;1;1;2;2;1;1;2;2;2;1;;4;;;;;1;;;2;3
87;5;1;2;2;1;1;;4;2;3;1;1;5;5;1;1;5;1;1;2;1;;5;5;;;;;;;3;1;5;3;3;4;3;1;1;1;1;1;1;1;4;3;2;5;4;3;1;1;;1;1;;;1;;1;;1;;1;1;2;1;;;;;;1;;;;;5;5;3;1;1;3;3;1;1;1;1;;1;1;1;1;2;2;2;2;2;2;1;;2;;;1;;;;;2;2
88;4;1;1;1;4;4;Duckduckgo;2;5;5;;4;1;4;1;1;1;1;1;1;1;;5;5;;;;;;;1;1;4;3;1;3;3;1;1;1;1;1;1;1;4;1;1;3;3;2;1;1;;;1;;1;;;;;;;;1;1;1;1;;;;;;;1;;;3;3;2;1;1;1;1;1;1;1;1;;2;1;2;2;2;2;2;2;2;2;1;;1;;;1;;;;;1;2
89;5;1;1;2;1;2;;2;5;4;;4;5;5;4;5;3;1;5;4;4;LinkedIn ;1;1;4;4;4;4;4;4;3;3;4;3;3;4;4;3;4;3;3;4;3;3;4;4;3;5;5;4;3;2;1;1;1;1;1;1;1;1;1;1;1;1;2;2;1;;;1;;;;1;1;;;5;4;3;2;1;2;3;1;4;1;1;;1;1;1;1;2;1;2;2;1;2;4;;2;;;;;1;;;1;4
90;5;1;1;2;1;5;;5;5;5;;1;1;5;1;1;1;1;5;2;3;kenfm, nachdenkseiten, wissens manifaktur;3;2;1;3;1;1;2;2;1;1;2;1;1;3;3;3;;;;;;;1;;1;;3;3;2;2;;;;;;;;;;;;;1;2;;;;;;;1;;;;;4;2;2;1;1;1;3;1;1;1;4;;;;;;;;;;;;2;;1;;1;;;;;;1;5
91;5;2;1;2;1;1;;3;3;4;1;1;5;4;1;1;5;1;1;4;1;;3;5;2;;2;;2;;3;1;2;3;1;5;3;2;3;1;1;5;5;1;3;2;1;5;4;4;3;3;1;;1;;1;;;1;1;;;1;1;1;1;1;;;;;1;;;;;5;3;2;1;1;3;3;1;1;1;1;;1;2;2;2;2;2;2;2;2;2;1;;2;;;;;1;;;2;2
92;5;1;1;2;1;1;;3;4;5;;1;5;3;1;1;1;1;4;3;1;Pinterest;5;5;;;;;;;4;1;4;4;2;4;3;3;1;1;1;1;2;1;3;4;3;5;5;4;3;4;1;;1;;1;;;;;;;;2;2;1;1;1;;;;1;;;;;4;3;3;2;1;3;1;1;1;1;4;Pinterest;1;1;2;2;2;1;2;2;2;2;1;;2;;1;1;;;;;2;2
93;4;2;2;4;1;1;;3;5;5;;1;1;4;1;1;1;1;1;2;2;;4;5;2;;2;;2;;1;1;3;1;1;3;4;1;3;1;1;3;4;1;2;1;1;4;4;1;1;1;1;1;;;;;;;;;1;1;1;1;1;1;;;;;1;;;1;persînliche Treffen;3;2;1;1;1;1;2;1;1;1;1;;1;1;2;2;2;2;2;2;2;2;2;;1;;1;1;;;;;2;5
94;5;1;1;3;1;1;;1;5;5;;5;5;5;1;1;4;1;1;1;1;;5;5;;;;;;;1;1;1;3;3;3;1;1;1;1;1;1;1;1;3;3;1;4;3;1;1;1;1;;1;;1;;1;;1;;1;;2;2;1;;;1;;;;;;;;4;1;2;2;2;2;1;1;1;1;1;;2;2;2;1;2;1;2;2;2;2;1;;2;;1;1;;;;;2;3
95;5;2;1;1;1;1;;2;5;5;;2;5;5;1;2;1;1;1;4;1;;4;5;2;;1;;3;;2;1;3;3;3;4;4;4;1;1;1;1;1;1;3;3;3;4;4;3;3;3;1;;1;;1;;1;;1;;1;;1;2;1;;1;;;1;;;;;;5;2;2;1;1;3;2;1;1;1;1;;1;1;1;1;2;1;2;2;2;2;1;;4;;1;;;;;;2;3
96;4;1;2;3;1;1;;3;3;4;3;5;4;3;2;1;1;1;1;3;3;;3;5;3;;1;;2;;1;1;3;2;1;4;4;2;;;;;;;3;3;2;3;3;3;2;3;1;;1;1;1;;1;;1;;;1;2;2;1;1;;;;1;1;;;;;4;4;3;1;4;3;2;1;1;1;1;;1;2;2;2;2;2;2;2;2;2;1;;2;;1;;;;;;2;3
97;5;1;1;1;1;1;;4;5;5;;4;2;5;1;3;1;1;1;5;3;;3;5;1;;1;;4;;2;1;4;1;1;3;1;1;;;;;;;4;2;1;4;4;3;3;1;1;;1;;1;;1;;1;;1;;1;2;1;;;;;;;;;;;4;4;1;1;1;1;1;1;1;1;1;;1;1;2;2;2;2;2;2;2;2;5;Bewertungen ;2;;;;;;1;Bewertungen ;1;3
98;5;1;1;1;1;1;;1;2;5;;2;5;2;1;5;1;1;1;1;1;;5;5;;;;;;;1;1;2;1;2;2;3;1;1;1;1;1;1;1;3;3;2;4;4;5;2;2;;;1;;;;;;1;;;;1;2;1;;;;;1;1;;1;;;5;1;1;2;1;1;1;1;1;1;1;;1;2;2;1;2;2;2;2;2;2;1;;4;;;;;1;;;2;2
99;5;1;2;3;1;1;;5;5;4;;5;5;5;3;3;5;2;1;1;1;;;5;3;;3;;2;;2;1;4;3;2;3;3;2;5;5;1;1;1;1;4;3;2;4;4;2;2;2;1;;1;;1;;1;;1;;1;;1;1;;;;1;;;;;;;;5;3;3;2;2;2;2;2;2;2;1;;1;1;1;2;1;2;2;2;2;2;2;;4;;;;;1;;;2;2
100;5;2;1;4;1;2;Wolfram Alpha;1;5;5;;5;5;4;2;5;1;2;4;3;3;Xing;3;4;2;2;2;1;3;3;1;1;5;4;1;4;4;3;5;4;1;4;4;3;4;4;2;4;4;3;3;3;1;1;1;;1;1;1;1;1;1;1;1;2;2;1;1;;;1;;1;;;;;5;4;4;2;3;2;4;1;3;1;1;;1;1;1;2;1;2;1;2;2;2;1;;4;;1;;;1;;;1;3
101;4;1;1;1;1;1;;2;2;4;3;4;1;5;1;2;1;1;1;2;2;;4;5;2;;2;;2;;1;1;3;3;1;3;3;2;1;1;1;3;4;1;4;3;2;4;4;3;2;3;;1;1;;;1;1;1;;;1;;2;2;1;;;;;;1;;;;;3;3;2;1;2;1;3;1;1;1;1;;1;1;1;2;2;2;1;2;2;2;1;;1;;1;;;;;;2;4
102;5;1;1;2;1;1;;1;5;5;;5;5;4;3;4;2;1;1;2;2;;3;4;3;2;2;2;3;3;3;3;3;2;2;3;3;2;3;2;2;2;3;2;4;3;2;4;4;3;3;3;;;;;;;;;1;;1;;1;1;1;;;;;;1;;1;;;4;3;2;2;2;2;2;1;1;1;1;;1;1;1;1;1;1;1;2;2;2;1;;4;;;;;1;;;1;3
103;5;1;1;5;1;1;;1;5;5;;1;5;5;1;1;1;1;1;1;1;;4;5;1;;1;;2;;1;1;4;3;3;4;3;2;2;3;1;2;4;1;4;3;2;5;5;5;2;1;1;;;;;;;;;;;;2;2;1;1;;;;;1;;;;;4;3;2;2;1;2;2;1;1;1;1;;1;1;2;2;2;2;2;2;2;2;2;;4;;;;;1;;;1;3
104;5;2;1;2;1;1;;2;5;5;;5;1;5;1;1;1;1;1;4;3;;4;4;2;2;2;1;3;1;2;1;4;2;2;2;2;2;1;1;1;1;1;1;3;1;1;2;3;3;2;2;1;1;1;1;1;1;1;1;1;1;1;1;1;2;1;;1;;;1;1;;;;;5;4;2;1;2;1;2;1;1;1;1;;1;1;2;2;1;2;2;2;2;2;1;;1;;1;;;;;;2;6
105;5;1;1;1;1;1;;1;5;5;;2;2;4;1;1;1;2;4;2;2;Whatsapp;5;4;;1;;1;;1;1;1;2;1;1;2;2;2;1;1;1;1;1;1;3;3;3;5;4;3;3;3;1;;1;;1;;;;;;;;1;1;1;;;;;;;;;;;5;3;1;1;1;2;1;1;1;1;1;;1;2;2;2;2;1;2;2;2;2;1;;2;;1;;;;;;2;2
106;5;3;2;3;4;1;;3;5;5;;3;3;4;2;5;2;1;2;2;4;;5;2;;4;;3;;3;1;3;4;1;1;3;3;3;4;4;2;4;;2;3;2;2;3;3;3;3;3;;1;;1;;1;;1;;1;;1;2;2;1;;1;;;;1;1;;;;4;4;2;1;1;1;1;1;4;1;3;Netzwerk ;1;1;1;2;2;2;2;2;1;2;1;;5;Eigentlich keine ;;;;1;;;2;5
107;5;1;1;1;1;1;;1;5;5;;4;1;4;1;1;4;1;1;4;2;;5;5;;;;;;;1;1;4;1;1;3;3;2;1;1;1;1;1;1;4;2;2;4;3;4;3;4;1;;1;;1;;1;1;;;;;2;2;1;;;;;;1;;1;;;5;4;1;1;1;1;2;1;1;1;1;;2;2;2;2;2;2;2;2;2;2;1;;2;;1;;;;;;1;4
108;5;1;1;3;1;2;Safari;1;4;4;1;1;5;5;1;1;5;1;1;2;2;;1;2;3;2;2;2;3;4;4;1;2;3;1;4;3;3;2;1;1;2;3;2;2;1;1;4;4;4;2;2;;1;;1;;1;1;;1;;;1;1;2;1;;;;;;1;;;;;2;1;1;1;1;4;2;1;1;1;1;;1;2;2;2;2;1;2;2;2;2;1;;3;;;1;;;;;2;2
109;4;1;1;1;1;1;;2;5;5;;5;2;3;1;1;1;1;1;4;1;;3;5;2;;2;;2;;3;1;4;3;2;4;3;3;1;1;1;1;1;1;2;2;2;4;4;3;2;2;1;;1;;1;;1;;1;;1;;2;2;1;;1;;1;;1;;;;;4;3;2;2;1;1;3;1;1;1;1;;1;1;2;2;2;2;1;2;2;2;4;;4;;;;1;1;;;1;4
110;5;1;1;2;1;1;;2;5;5;;3;5;3;1;4;2;3;1;3;3;;4;4;2;2;2;2;2;2;3;3;3;3;3;5;4;4;3;2;2;3;4;2;3;3;3;5;4;4;3;3;1;1;1;;1;1;1;1;1;1;;1;1;1;1;;;;;;1;1;1;;;4;2;1;2;1;3;2;1;2;1;1;;1;2;2;1;2;1;2;2;2;2;1;;2;;1;;;;;;2;3
111;4;1;2;2;1;1;;4;5;5;;5;1;2;2;1;1;1;1;3;1;;4;5;2;;2;;3;;3;1;3;1;1;3;3;2;;;;;;;3;1;1;3;3;3;3;3;1;;1;;1;;1;;1;;1;;1;2;1;1;;;;1;1;;;;;3;2;1;1;2;1;1;1;1;1;1;;1;2;2;2;2;2;2;2;2;2;1;;1;;1;;;;;;1;6
112;5;1;1;4;1;1;;1;3;3;1;5;5;5;1;1;1;1;1;3;2;;2;2;3;3;2;2;3;3;3;3;5;4;2;3;4;3;3;4;2;3;4;3;3;3;3;4;4;3;3;3;1;;1;;1;;1;;1;;;1;1;1;1;;;;;;1;;1;;;4;4;4;4;4;4;4;1;1;1;1;;1;1;1;2;2;2;2;2;2;2;1;;2;;;1;;;;;1;4
113;5;1;2;3;1;1;;1;5;5;;5;1;4;2;5;1;1;2;2;2;Xing;5;5;;;;;;;2;1;4;3;1;3;4;2;4;4;1;3;4;1;3;4;2;5;4;1;2;2;;1;;;;1;;1;;1;;1;1;1;1;;;;;;;;1;;;5;3;2;1;1;1;2;2;3;1;1;;1;1;2;2;2;2;2;2;2;2;1;;2;;1;1;;;;;1;5
114;5;2;1;2;1;1;;2;5;5;;5;1;5;1;1;1;1;2;2;1;Keine Anderen;5;5;;;;;;;1;1;3;3;1;2;1;3;1;1;1;1;1;1;3;3;2;4;4;3;3;4;1;;1;;1;;1;;1;;1;;2;2;1;;1;1;;1;;;;;;4;4;2;1;1;1;2;1;1;1;1;;1;1;2;2;2;2;2;2;2;2;4;;2;;;;;1;;;2;7
115;5;1;1;4;3;1;;3;5;5;;4;2;4;1;1;1;1;1;3;3;;4;4;2;2;2;2;2;2;1;1;2;2;1;4;3;2;1;2;1;4;3;2;4;3;1;4;4;4;3;3;1;1;1;1;1;1;1;1;;;1;1;1;1;1;;;;;;1;;;;;4;4;2;1;2;2;3;1;1;1;1;;1;1;2;2;2;2;1;2;2;2;4;;4;;;;;1;;;1;4
116;4;2;1;2;1;1;;2;5;5;;1;1;1;1;1;1;1;5;3;1;Wathsup;3;5;2;;2;;4;;2;;4;2;1;3;3;2;1;1;1;1;1;1;3;3;1;4;2;1;2;2;1;;;;;;1;;1;;1;;2;2;;;;;;;1;;;;;5;3;1;1;4;1;1;1;1;1;1;;;2;2;2;2;2;2;2;2;2;1;;2;;1;;;;;;1;7
117;5;1;1;1;1;3;-;5;3;4;1;1;4;5;1;4;1;1;1;3;4;;5;3;;3;;2;;3;2;3;2;1;1;4;3;2;3;1;1;4;3;2;2;2;1;3;3;4;2;3;1;1;1;;1;;1;;1;;1;;1;2;1;;;;;1;1;1;;;;3;2;2;1;1;2;4;1;3;1;1;;2;2;2;2;2;2;1;2;2;2;4;;4;;;;;1;;;1;3
118;5;1;1;1;1;1;;1;4;3;1;4;4;5;1;4;1;2;1;4;4;;1;1;4;4;4;4;3;3;2;2;4;4;4;5;5;4;2;2;2;2;2;2;4;4;4;4;4;4;4;4;1;;1;;1;;1;;1;;1;;2;2;1;;1;1;1;;;;;;;5;5;3;3;3;3;4;1;3;1;1;;1;1;1;1;1;1;1;2;2;2;4;;4;;;;;1;;;1;3
119;5;4;1;3;1;1;;1;5;5;;1;1;4;1;2;1;1;1;1;1;;5;5;;;;;;;1;1;2;3;1;3;2;2;3;3;1;2;2;2;4;3;1;4;3;3;1;3;1;;;;1;1;;;;;;1;1;1;1;;;;;1;;;;;;5;2;2;1;1;1;4;1;1;1;1;;1;1;2;2;2;2;1;2;2;2;4;;1;;1;;;1;;;2;7
120;5;2;1;2;1;2;DuckDuckGo;1;5;5;;2;2;5;2;4;1;1;1;2;2;;5;5;;;;;;;1;1;5;5;1;3;3;1;4;4;1;3;4;1;4;4;1;4;4;3;2;2;1;1;1;;1;1;1;1;1;1;1;1;2;2;1;;1;;;;;1;1;;;5;4;4;1;1;1;4;3;3;1;3;Digitec, Reddit, News-Portale;1;1;1;2;2;2;1;2;2;2;1;;1;;1;;;1;;;1;3
121;5;1;1;1;1;1;;3;5;5;;1;1;4;1;5;1;1;1;4;5;;4;2;1;2;1;1;1;1;3;4;4;3;2;3;3;2;2;2;2;2;2;2;3;3;1;4;3;2;3;1;;;;;;;;;;;;;2;2;1;;;;;;1;1;1;;;5;3;2;1;1;1;3;1;3;1;1;;1;1;2;2;2;2;1;2;2;2;4;;4;;;;1;1;;;1;5
122;5;1;1;4;1;1;;4;4;4;3;4;1;5;1;4;1;1;1;2;1;;4;5;1;;1;;2;;2;1;4;3;1;3;1;1;2;1;1;1;3;1;4;4;2;4;4;3;2;2;1;1;1;1;1;1;1;1;1;1;1;1;1;1;1;;;;;;1;1;;;;5;3;2;1;2;1;1;1;1;1;1;;1;1;2;2;2;2;2;2;2;2;1;;4;;;;;1;;;1;5
123;5;1;1;2;1;1;;2;5;5;;5;5;5;1;5;2;1;1;2;2;;5;5;;;;;;;2;1;3;2;2;4;3;2;2;2;2;2;1;2;3;2;2;3;3;3;2;2;1;;1;;1;;1;;1;;1;;2;2;1;;;;;;1;1;;;;4;2;2;1;2;1;2;1;1;1;1;;1;1;2;2;2;2;2;2;2;2;1;;1;;;;;1;;;2;4
124;5;1;1;4;1;1;;2;5;5;;2;5;5;1;2;1;1;1;1;1;;5;5;;;;;;;1;1;4;2;1;4;3;1;1;1;1;1;1;1;3;3;1;4;4;4;2;3;1;;;;;;;;1;;;;1;1;1;;;;;;1;;1;;;4;4;2;1;1;1;3;1;1;1;1;;1;1;2;2;2;2;1;2;2;2;1;;1;;;1;;;;;1;4
125;5;1;5;4;1;1;;2;5;4;;1;1;4;1;1;1;1;1;3;1;;5;5;;;;;;;1;1;3;1;1;3;1;1;1;1;1;1;1;1;4;2;1;4;5;5;3;4;1;;1;;1;;1;;1;;;1;1;2;1;;1;;;;1;;;;;5;2;1;1;1;1;3;1;1;1;1;;1;1;2;2;2;2;1;2;2;2;1;;4;;;;;1;;;1;7
126;5;1;1;2;1;1;;2;4;4;1;1;1;4;1;1;1;1;1;3;4;;1;4;4;3;2;1;2;2;4;4;3;3;1;4;3;3;4;3;4;3;3;4;3;3;1;4;4;3;3;3;1;;1;;;1;1;;1;1;1;;1;1;1;1;;;;;1;;;;;4;3;1;1;1;1;2;1;1;1;1;;1;1;2;2;2;2;2;2;2;2;1;;1;;1;1;;;;;1;6
127;5;1;2;3;1;2;;3;3;4;1;1;2;2;1;1;1;1;1;2;1;;4;4;2;2;2;2;2;2;3;1;2;2;2;4;3;3;2;2;2;2;2;2;3;3;3;4;4;3;2;1;1;;1;;1;;1;;;1;;1;2;2;;;;;;1;;;;;;4;2;2;2;1;2;1;1;1;1;1;;2;2;2;2;2;2;2;2;2;2;2;;2;;;1;;;;;1;3
128;5;2;2;2;1;1;;5;4;4;2;1;1;2;1;1;1;1;1;1;1;;5;5;;;;;;;1;1;1;1;1;3;3;1;1;1;1;3;3;1;4;1;1;5;4;3;3;4;1;;;;1;;;;;;;;2;1;1;;;;;;;;;;;5;3;1;1;1;1;1;1;1;1;1;;1;1;2;2;2;2;2;2;2;2;1;;1;;1;;;1;;;2;5
129;5;1;1;1;1;1;;1;5;5;;5;1;5;1;1;1;1;4;3;2;;4;5;2;;2;;4;;1;1;3;1;1;4;3;2;1;1;1;3;5;1;4;3;2;5;5;3;2;1;1;1;;1;;1;;;;;;;1;1;1;1;;;;;1;;;;;2;1;1;1;1;1;1;1;1;1;1;;1;1;2;2;2;2;2;2;2;2;1;;1;;1;;;;;;1;3
130;5;2;1;1;1;1;;2;5;5;;4;2;3;1;5;1;1;1;2;1;;3;3;2;2;3;3;4;4;3;2;3;4;2;4;3;2;2;3;1;3;4;1;3;4;2;5;4;4;1;3;1;1;1;;1;;;1;;1;;1;2;2;1;;;;;;1;;1;;;4;3;3;2;2;1;3;1;3;1;1;;1;1;1;2;2;2;1;2;2;2;1;;4;;1;;;1;;;1;5
131;5;1;1;3;1;1;;4;4;4;1;1;1;5;4;4;1;1;1;1;1;;5;4;;2;;1;;4;3;3;3;4;4;4;2;1;1;1;1;1;1;1;4;4;2;5;3;3;1;3;1;1;1;;1;;1;;1;;;1;1;1;1;;;;;1;;1;;;;5;4;3;1;1;1;1;1;1;1;1;;1;1;1;2;2;2;2;2;2;2;4;;4;;;;;1;;;2;4
132;5;1;1;2;1;1;;1;4;5;;4;1;4;1;2;1;1;1;3;2;;5;5;;;;;;;4;3;3;2;1;4;4;2;3;2;1;4;4;2;3;3;2;4;4;4;3;3;1;;1;;;1;;;1;;;1;2;2;1;1;1;;;;1;;;;;3;2;2;1;2;1;3;1;1;1;1;;1;1;2;2;2;2;1;2;2;2;1;;4;;;;;1;;;1;3
133;5;2;1;1;1;1;;1;4;5;;4;3;5;1;2;1;1;1;4;2;;3;4;3;2;2;1;4;4;3;1;4;4;3;5;4;3;4;2;2;4;4;3;4;4;2;5;5;4;2;3;1;;1;;1;;1;;1;;;1;2;2;1;;1;;1;;1;;;;;5;4;3;2;2;1;3;1;1;1;1;;1;1;1;1;1;2;2;2;2;2;2;;4;;;;;1;;;2;3
134;1;5;2;4;5;1;;1;1;1;2;;;;;;;;;;;;;;;;;;;;;;;;;;;;;;;;;;;;;;;;;;;;;;;;;;;;;;;;;;;;;;;;;;;;;;;;;;;;;;;;;;;;;;;;;;;;;;;;;;;1;3
135;5;1;1;2;1;1;;;;;;;;;;;;;;;;;;;;;;;;;;;;;;;;;;;;;;;;;;;;;;;;;;;;;;;;;;;;;;;;;;;;;;;;;;;;;;;;;;;;;;;;;;;;;;;;;;;;;;;;1;3
136;5;1;1;1;5;1;;1;2;4;1;5;5;4;1;5;1;1;4;4;1;Strava / Fitbit;1;1;2;5;1;1;3;3;2;2;5;3;4;5;4;4;1;3;1;1;3;;4;4;2;3;3;2;3;3;;;;;;;;;;;;;;;;;;;;;;;;;;;;;;;;;;;;;;;;;;;;;;;;;;;;;;;;;;1;3
137;5;1;2;2;1;1;;5;5;5;;5;5;5;1;1;4;1;1;3;1;;2;5;2;;2;;2;;3;2;;;;;;;;;;;;;;;;;;;;;;;;;;;;;;;;;;;;;;;;;;;;;;;;;;;;;;;;;;;;;;;;;;;;;;;;;;;;;;1;3
138;5;1;1;1;1;2;;;;;;;;;;;;;;;;;;;;;;;;;;;;;;;;;;;;;;;;;;;;;;;;;;;;;;;;;;;;;;;;;;;;;;;;;;;;;;;;;;;;;;;;;;;;;;;;;;;;;;;;1;3
139;5;1;1;1;1;1;;1;5;5;;2;5;4;1;3;1;1;1;5;2;;3;5;2;;1;;2;;3;2;;;;;;;;;;;;;;;;;;;;;;;;;;;;;;;;;;;;;;;;;;;;;;;;;;;;;;;;;;;;;;;;;;;;;;;;;;;;;;1;3
140;5;2;1;3;1;1;;4;5;4;;4;5;4;1;5;1;1;2;2;2;pinterest;4;5;2;;2;;3;;1;2;4;3;1;3;3;2;4;2;1;2;3;1;3;3;1;3;3;2;2;3;1;1;1;1;1;1;1;1;1;1;1;1;1;2;1;1;;;;;1;;1;;;5;4;2;1;1;3;3;1;4;1;1;;;;;;;;;;;;;;;;;;;;;;1;3
141;5;1;1;4;1;4;Keine;2;5;5;;4;2;5;1;1;1;1;1;2;2;;4;3;;;;;;;;;;;;;;;;;;;;;;;;;;;;;;;;;;;;;;;;;;;;;;;;;;;;;;;;;;;;;;;;;;;;;;;;;;;;;;;;;;;;;;1;3
142;5;1;1;1;1;1;;;;;;;;;;;;;;;;;;;;;;;;;;;;;;;;;;;;;;;;;;;;;;;;;;;;;;;;;;;;;;;;;;;;;;;;;;;;;;;;;;;;;;;;;;;;;;;;;;;;;;;;1;3
143;5;1;1;2;1;1;;3;3;5;;5;1;5;1;1;1;1;1;2;1;;5;5;;;;;;;2;1;4;2;1;4;4;2;4;2;1;4;3;2;3;2;1;4;3;2;1;1;1;;1;;;;;;;;;;2;2;1;;1;;;;1;;;;;;;;;;;;;;;;;;;;;;;;;;;;;;;;;;;;;1;3
144;5;1;1;1;1;1;;2;5;5;;5;5;5;4;4;1;1;5;4;3;Strava, Xing, Pinterest, Tumblr;3;4;2;2;4;2;5;5;3;1;;;;;;;;;;;;;;;;;;;;;;;;;;;;;;;;;;;;;;;;;;;;;;;;;;;;;;;;;;;;;;;;;;;;;;;;;;;;;;1;3
145;4;3;2;3;1;1;;3;5;5;;4;3;3;1;4;2;2;1;2;2;;3;5;;;;;;;;;;;;;;;;;;;;;;;;;;;;;;;;;;;;;;;;;;;;;;;;;;;;;;;;;;;;;;;;;;;;;;;;;;;;;;;;;;;;;;1;3
146;5;1;1;1;1;1;;1;4;4;3;5;5;4;4;5;4;1;4;2;2;Pinterest, community der newsplattformen;3;4;3;2;3;3;3;2;2;1;4;4;3;4;4;4;4;4;1;4;4;2;3;4;2;3;3;2;2;3;1;;1;;1;;1;1;1;1;;1;1;1;1;;;1;;;;1;;1;Physisch;4;4;3;2;2;3;3;3;3;1;1;;;;;;;;;;;;;;;;;;;;;;1;3
147;5;1;1;2;1;2;;;;;;;;;;;;;;;;;;;;;;;;;;;;;;;;;;;;;;;;;;;;;;;;;;;;;;;;;;;;;;;;;;;;;;;;;;;;;;;;;;;;;;;;;;;;;;;;;;;;;;;;1;4
148;5;1;1;1;3;2;;2;5;5;;1;5;5;1;1;1;1;1;5;4;;5;4;;1;;2;;3;3;3;4;3;1;4;4;4;1;1;1;3;3;2;3;3;1;4;4;3;3;1;;;;;;;;;;;;;2;2;1;1;;;;;1;;;;;;;;;;;;;;;;;;;;;;;;;;;;;;;;;;;;;1;4
149;5;2;2;2;1;2;;2;4;5;;5;5;5;1;5;1;1;2;2;2;;4;4;2;2;3;2;3;3;1;1;3;3;2;3;3;2;2;1;1;2;3;1;3;3;2;4;4;4;2;2;;;1;;1;;;;;;;;2;2;1;;;;;;1;;;;;4;3;3;2;2;2;2;1;2;1;1;;1;1;1;1;1;1;1;2;2;2;1;;4;;1;;;1;;;1;3
150;5;1;1;2;2;1;;1;5;5;;3;5;4;2;1;3;1;1;4;3;;5;5;;;;;;;1;1;;;;;;;;;;;;;;;;;;;;;;;;;;;;;;;;;;;;;;;;;;;;;;;;;;;;;;;;;;;;;;;;;;;;;;;;;;;;;;1;4
151;5;2;1;2;1;2;;;;;;;;;;;;;;;;;;;;;;;;;;;;;;;;;;;;;;;;;;;;;;;;;;;;;;;;;;;;;;;;;;;;;;;;;;;;;;;;;;;;;;;;;;;;;;;;;;;;;;;;2;4
152;4;2;1;2;1;1;;2;5;5;;1;1;3;1;1;1;1;1;2;1;;3;3;2;2;2;2;2;2;1;1;;;;;;;;;;;;;;;;;;;;;;;;;;;;;;;;;;;;;;;;;;;;;;;;;;;;;;;;;;;;;;;;;;;;;;;;;;;;;;2;4
153;5;1;1;2;1;1;;4;5;5;;4;4;4;1;1;1;1;1;4;3;;3;3;;;;;;;;;;;;;;;;;;;;;;;;;;;;;;;;;;;;;;;;;;;;;;;;;;;;;;;;;;;;;;;;;;;;;;;;;;;;;;;;;;;;;;2;4
154;5;1;4;4;1;1;;2;3;3;3;5;5;5;1;1;5;1;5;5;3;;;;;;;;;;;;;;;;;;;;;;;;;;;;;;;;;;;;;;;;;;;;;;;;;;;;;;;;;;;;;;;;;;;;;;;;;;;;;;;;;;;;;;;;;2;4
155;5;1;1;3;1;1;;2;5;5;;5;2;5;4;2;2;1;1;4;4;;2;2;2;2;1;1;3;3;3;3;;;;;;;;;;;;;;;;;;;;;;;;;;;;;;;;;;;;;;;;;;;;;;;;;;;;;;;;;;;;;;;;;;;;;;;;;;;;;;2;4
156;5;1;1;3;1;2;;1;5;5;;1;5;5;2;2;4;1;1;2;1;;4;5;;;;;;;;;;;;;;;;;;;;;;;;;;;;;;;;;;;;;;;;;;;;;;;;;;;;;;;;;;;;;;;;;;;;;;;;;;;;;;;;;;;;;;2;4
157;4;1;1;2;4;1;;2;4;5;;1;4;3;1;1;5;1;1;1;1;;4;5;1;;1;;3;;2;2;3;2;1;4;4;2;1;1;1;1;1;1;3;2;1;4;4;3;2;3;1;;;;1;;1;;;;;;1;2;;;;;;;;;;;;;;;;;;;;;;;;;;;;;;;;;;;;;;;;;;;;2;4
158;5;2;1;2;1;1;;1;4;4;1;5;5;4;1;1;1;1;1;2;1;;5;5;;;;;;;1;1;4;1;1;3;1;1;1;1;1;1;1;1;3;2;1;4;3;2;2;1;1;;1;;1;;1;;1;;1;;1;2;1;;;;;;1;;;;;4;3;1;1;1;1;2;1;1;1;1;;1;1;2;2;2;2;2;2;2;2;1;;2;;;;;1;;;1;3
159;4;1;1;2;1;1;;1;5;5;;3;1;5;1;3;2;2;2;2;2;;4;4;1;2;2;1;3;1;1;1;1;1;1;1;1;1;;;;;;;2;1;1;3;3;4;1;1;1;;;;;;;1;;;;1;2;2;1;1;;;;;1;;;;;3;1;1;1;1;1;1;1;1;1;1;;2;2;2;2;1;2;2;2;2;2;3;;3;;;;1;;;;2;3
160;5;2;2;1;1;1;;1;5;5;;1;5;5;1;1;4;1;1;4;1;;5;1;;5;;5;;3;1;1;;;;;;;;;;;;;;;;;;;;;;;;;;;;;;;;;;;;;;;;;;;;;;;;;;;;;;;;;;;;;;;;;;;;;;;;;;;;;;2;4
161;5;1;1;3;1;2;Wikipedia ;3;5;5;;2;5;4;1;1;1;4;1;1;4;;2;4;2;2;2;1;3;3;3;3;1;1;1;3;3;3;1;1;1;3;3;3;2;3;3;4;4;3;2;1;1;;;;;;;;;;;;1;2;1;;;;;;1;;;;;4;1;1;1;1;3;1;1;1;1;1;;1;2;2;2;2;1;2;2;2;2;2;;2;;;1;;;;;2;3
162;5;2;1;2;1;1;;1;5;5;;4;5;5;1;2;1;1;1;4;1;;3;5;1;;1;;4;;1;1;5;4;1;3;3;2;1;1;1;1;1;1;5;3;1;3;3;4;1;2;1;1;1;;1;;1;1;;1;;1;1;1;1;1;;;;;1;;;;;5;4;4;1;1;3;3;1;1;1;1;;1;1;1;2;2;2;1;2;2;2;4;;2;;1;;;;;;2;3
163;5;1;1;4;1;1;;5;5;5;;4;5;5;1;1;1;1;1;1;1;;5;5;;;;;;;1;1;5;1;1;5;5;1;5;1;1;5;5;1;4;1;1;4;4;4;1;4;;;;;;;;;1;;;;2;2;1;;;;;;1;;;;;5;5;1;1;1;1;5;1;1;1;1;;1;1;2;2;2;2;2;2;2;2;2;;4;;;;;1;;;1;3
164;5;2;1;1;1;1;;1;5;5;;3;3;2;1;4;1;2;1;3;3;;2;2;4;3;1;1;3;3;2;1;3;4;3;5;4;3;4;3;4;3;3;2;3;4;2;5;4;3;2;3;1;1;1;1;1;1;1;1;1;1;1;1;1;1;1;;;;;;;;;;;5;4;2;1;2;2;1;1;3;1;1;;1;2;2;2;1;2;1;2;1;2;2;;2;;;1;;;;;2;3
165;5;1;1;1;5;1;;1;3;3;1;2;4;2;1;2;1;1;1;2;1;;4;3;2;3;2;1;4;4;1;1;2;2;1;3;3;2;1;1;1;3;3;1;4;3;1;4;4;4;2;3;1;1;1;;1;;;;;;1;;2;2;1;;;;;;1;1;;;;5;2;1;1;1;3;1;1;1;1;1;;1;1;1;2;2;1;2;2;2;2;1;;5;keines;1;1;;;;;2;3
166;5;1;1;1;1;1;;1;3;3;3;4;5;5;1;5;5;5;1;4;3;;4;4;1;1;3;2;3;3;4;2;2;2;4;4;3;4;2;2;2;2;2;2;4;3;4;4;4;4;3;3;1;;1;;1;;;1;1;;;1;1;1;1;;;;;;;1;;;;5;2;2;4;3;4;3;1;3;1;1;;1;1;1;1;1;1;1;2;2;2;1;;4;;;;;1;;;2;3
167;5;1;1;2;1;2;;5;1;5;;1;5;4;1;1;1;1;2;4;1;;3;5;3;;3;;1;;1;1;2;1;3;4;2;4;1;1;1;1;1;1;2;2;3;4;4;3;2;1;1;;1;;1;;;;;;;;1;2;1;1;1;1;;;;;;;;4;1;1;1;1;4;1;1;1;1;1;;1;1;2;1;2;1;2;2;2;2;1;;4;;;;;1;;;2;3
168;4;1;1;1;1;1;;1;5;5;;4;5;4;1;5;1;1;2;2;2;Xing;5;3;;2;;3;;3;2;1;2;1;1;4;3;2;1;1;1;4;4;1;3;2;2;4;4;3;3;3;;1;1;;1;;1;;1;;;1;2;2;1;1;;;;;1;;;;;3;2;1;1;1;1;1;1;1;1;1;;1;1;2;2;2;2;2;2;2;2;1;;4;;;;;1;;;1;4
169;5;1;1;3;1;2;;3;5;5;;5;5;4;1;4;4;1;2;2;2;;4;4;2;2;2;2;3;3;3;3;4;2;3;4;4;2;2;3;2;3;3;2;3;3;3;4;5;3;3;4;1;1;1;;1;1;1;;1;1;;1;1;1;1;;;;1;;;1;;;;5;3;2;2;2;3;2;1;2;1;1;;1;1;2;2;2;1;2;2;2;2;4;;4;;;;;1;;;2;3
170;5;1;1;2;1;3;;5;5;5;;5;5;5;1;2;1;1;4;4;2;;4;5;4;;3;;3;;3;1;1;3;4;4;2;4;2;2;2;2;2;2;4;3;3;5;4;3;3;3;1;;1;;1;;;;1;;;;1;2;1;;;;;;1;1;;;;5;2;2;3;2;3;2;1;1;1;1;;1;1;2;1;1;1;2;2;2;2;2;;4;;;;;1;;;2;4
171;4;1;1;1;1;2;telsearch;4;2;5;;1;5;3;1;5;5;1;1;3;2;;4;1;1;2;3;1;1;1;4;4;5;4;2;5;3;4;5;4;2;5;3;2;3;3;2;5;4;3;3;3;1;;1;;1;;1;;1;;;;1;2;1;;;1;;1;1;;;;;1;2;1;;1;4;2;1;4;1;1;;2;2;2;2;2;1;2;2;2;2;2;;2;;;;;1;;;2;3
172;5;1;1;4;1;1;;1;5;5;;4;5;3;1;1;1;1;4;2;3;Pinterest;5;3;;2;;1;;3;1;1;2;1;1;3;4;3;2;1;1;3;4;3;3;2;1;4;4;5;3;3;1;1;1;1;1;1;;;1;1;;;2;2;1;;;1;;;;;;;;4;2;1;1;2;2;1;1;1;1;1;;1;1;2;2;2;2;2;2;2;2;2;;2;;;1;;;;;2;3
173;5;1;1;2;1;2;;2;4;5;;5;5;5;1;2;4;1;3;2;1;;5;5;;;;;;;2;1;4;4;1;4;3;2;1;1;1;1;1;1;3;3;2;4;4;3;3;2;1;;1;;1;;1;;1;;1;;1;2;1;1;;;;;;;;;;5;4;3;1;2;3;1;1;1;1;2;;2;2;2;2;1;1;2;2;2;2;1;;4;;;;;1;;;2;3
174;4;1;1;1;1;1;;1;4;5;;1;5;4;1;1;5;1;1;1;1;;5;5;;;;;;;1;1;4;4;3;2;4;2;1;1;1;1;1;1;1;3;3;2;3;3;4;3;1;;;1;1;;1;;1;;;1;1;2;1;;;;;;1;;;;;3;1;1;1;1;2;3;1;1;1;1;;2;2;2;2;1;2;2;1;2;1;2;;1;;;;1;;;;1;2
175;5;1;1;1;1;1;;1;5;5;;4;5;5;1;4;5;1;4;3;2;Discord, pinterest;4;3;3;3;2;2;3;3;1;1;3;2;2;4;3;3;3;2;2;4;3;3;3;3;2;4;3;4;3;1;1;;1;;1;;1;;1;;;1;2;2;1;;1;1;1;;;;;;;3;3;3;2;3;4;3;1;2;1;1;;1;2;2;2;2;1;1;2;2;2;4;;1;;;;;1;;;1;2
176;5;1;1;1;1;4;;1;3;3;1;2;5;4;1;2;2;1;1;3;3;;2;3;4;4;3;2;3;2;3;2;3;3;3;3;3;3;2;2;2;2;2;2;3;3;3;4;4;3;3;3;1;;1;;1;;1;;1;;;1;1;2;1;1;;;;1;;1;;;;3;3;3;4;1;4;1;1;1;1;1;;1;1;2;1;2;1;2;2;2;2;1;;1;;1;;;;;;2;3
177;4;1;1;2;1;1;;1;5;5;;5;5;5;2;5;4;5;2;3;2;-;4;4;2;2;2;2;3;3;3;2;2;2;3;4;3;3;2;2;2;2;3;3;3;3;2;4;3;3;2;2;1;;1;;1;;1;;1;;1;;2;2;1;;;1;;;;1;;;;5;2;2;3;2;2;2;1;2;1;1;;1;1;2;1;2;1;2;2;2;2;2;;2;;;;;1;;;1;2
178;5;1;1;3;1;1;;1;4;4;1;4;1;4;1;1;1;1;1;3;1;;5;5;;;;;;;1;1;2;2;2;4;4;2;1;1;1;1;1;1;3;1;1;5;4;3;1;3;1;;1;;1;;1;;1;;1;;1;2;1;1;1;;;;1;;;;;4;3;1;1;1;1;1;1;1;1;1;;1;1;2;2;2;2;2;2;2;2;1;;4;;;;;1;;;1;3
179;5;1;1;3;1;1;;1;4;5;;1;1;5;1;3;1;1;1;2;1;;4;5;2;;2;;4;;2;1;4;2;2;3;2;2;4;1;1;3;3;1;4;3;2;4;4;3;2;3;;;1;;;1;1;1;1;1;;;2;2;1;;1;;;;;;;;;5;4;3;1;1;1;3;1;1;2;1;;1;1;1;2;2;2;1;2;2;2;1;;4;;1;;;1;;;2;2
180;5;1;1;2;1;1;;2;5;5;;5;5;4;1;1;1;1;1;5;2;;3;5;3;;3;;3;;4;1;4;4;4;4;3;4;3;3;2;3;3;3;3;3;3;5;4;3;3;3;1;;1;;1;;;;1;;;;2;2;1;;;;;;;;;;;4;3;3;4;2;4;2;1;1;1;1;;1;2;2;1;2;1;2;2;2;2;2;;2;;;1;;;;;2;3
181;5;1;2;2;1;1;;3;4;4;1;2;2;5;1;1;1;2;1;2;1;;4;3;2;3;3;2;4;2;1;1;4;4;1;3;1;2;1;1;1;3;2;1;4;2;1;4;3;3;1;3;1;;;;;;;;;;;;2;2;1;1;;;;;1;;;;;4;4;2;1;1;1;3;1;1;1;2;;1;1;2;2;2;2;1;;2;2;1;;1;;1;;;;;;1;4
182;5;1;2;2;1;1;;2;4;5;;5;5;5;1;1;5;1;1;1;1;;5;5;;;;;;;1;1;3;2;2;4;3;2;2;2;2;4;4;2;2;3;2;4;4;3;2;2;1;;;;;;;;1;;;;1;1;1;;;;;;;;;;;4;2;2;2;2;3;3;1;1;1;1;;1;2;2;2;1;1;2;2;2;2;1;;2;;1;1;;;;;2;3
183;5;1;1;3;1;1;;1;4;4;1;5;5;5;4;4;4;1;1;3;1;;3;5;2;;3;;3;;1;1;3;3;2;4;4;3;1;1;1;1;1;1;3;3;2;4;4;4;3;3;1;;1;;1;;;;1;;;;1;2;1;;;1;;;1;1;;;;5;4;4;2;2;4;4;1;1;1;1;;1;1;1;1;1;1;2;2;2;2;1;;4;;;;;;1;Das kommt ganz auf die Dienstleistung darauf an. Gewisse Dinge per Texte (Technische Details) andere (ErklÑrungsbedÅrftige Produkte) per Video;1;3
184;5;1;1;1;1;3;duckduckgo;1;5;5;;1;1;5;5;5;1;1;1;2;1;;3;3;2;3;2;3;3;3;1;1;4;4;2;3;3;2;4;4;2;2;3;1;4;3;1;4;4;4;2;2;1;;;;;;;;;1;;;2;2;1;;1;;;;;;1;;;5;4;3;1;1;1;3;1;1;1;1;;1;1;1;2;2;2;1;2;2;2;5;Mix aus den obigen;1;;;;;;1;Mix: Specs in Text, Verwendung in Video;1;5
185;5;1;1;1;1;1;;2;5;5;;5;5;5;1;1;1;1;1;4;2;;4;5;1;;2;;2;;1;1;4;2;1;3;2;4;3;2;1;3;2;4;4;3;1;3;3;3;3;1;1;;;;;;;;;;;;2;2;1;;;;;;1;;;;;5;3;3;1;3;3;4;1;1;1;1;;1;1;1;2;1;1;1;2;2;2;4;;5;Keine;;;;1;;;1;5
186;5;1;1;2;1;1;;2;5;5;;5;1;2;1;1;1;1;1;2;2;;4;5;2;;2;;2;;4;4;5;5;1;4;4;1;5;5;1;4;4;1;5;4;2;5;5;4;3;3;1;1;;;1;1;1;1;1;1;;;1;1;1;;1;;;;;1;1;;;5;5;4;1;1;1;3;1;1;1;1;;1;1;1;1;2;2;1;2;2;2;1;;2;;1;;;1;;;1;5
187;5;1;1;2;1;1;;3;4;4;3;5;1;5;1;1;1;1;1;5;5;;5;5;;;;;;;1;1;1;3;1;3;2;2;1;4;1;4;4;1;2;3;1;4;4;2;1;3;;1;;;;;;;1;;;;2;1;1;1;;;;;1;;;;;4;1;2;1;1;1;3;1;1;1;1;;1;2;2;2;2;2;1;2;2;2;4;;4;;;;;1;;;1;5
188;5;2;1;1;1;2;web.de;2;5;5;;4;4;5;2;4;1;1;5;2;2;XING Wikipedia Tumblr Pinterest;4;3;2;3;3;2;3;3;1;1;3;1;1;3;3;2;3;1;1;3;3;3;3;2;2;4;4;4;2;3;1;1;1;1;1;1;;;;;;;1;1;1;1;;;;;1;;;;;5;3;1;1;2;1;2;1;1;1;1;;1;1;2;2;1;2;1;2;2;2;1;;2;;1;;;;;;1;5
189;5;1;1;2;1;1;;1;5;5;;4;1;4;1;2;1;1;1;3;2;;3;5;2;;1;;3;;4;4;4;2;1;4;4;3;4;2;1;4;4;3;3;2;1;5;5;4;3;3;1;1;1;;1;1;;;;1;;1;2;2;1;;1;1;;1;;;;;;4;2;2;1;2;1;3;1;1;1;1;;1;1;2;2;2;2;1;2;2;2;1;;4;;;;;1;;;1;3
190;5;1;1;2;1;2;;3;3;4;1;4;4;4;2;2;1;1;2;2;1;;4;5;1;;1;;2;;2;2;3;3;2;2;3;2;2;1;1;2;3;1;3;3;2;4;4;3;1;2;1;1;1;;1;;;;1;;;;2;2;1;;1;;;;1;;1;;;4;4;3;2;2;2;4;2;1;1;1;;1;1;1;1;2;2;1;2;2;2;1;;4;;;;;1;;;1;4
191;5;2;1;2;5;1;;1;3;5;;1;1;4;1;1;1;1;4;1;1;Whatsapp, Skype;5;5;;;;;;;1;1;3;4;1;4;3;1;3;4;1;3;4;1;2;4;2;5;4;3;2;3;1;1;;;;1;1;;;;;;2;2;1;;;;;;1;;1;;;5;3;4;1;1;1;1;1;1;1;1;;1;1;1;2;2;2;2;2;2;2;1;;4;;1;;;1;;;1;5
192;5;2;1;1;1;1;;4;5;5;;2;3;5;4;2;1;1;1;1;1;;5;5;;;;;;;1;1;3;4;2;3;3;1;3;4;1;3;4;1;3;3;2;4;4;3;1;2;;1;;;;1;;;;1;;;2;2;1;;;;;;1;;;;;5;3;3;1;1;1;3;1;1;1;1;;1;1;1;2;2;2;1;2;2;2;4;;;;;;;1;;;1;4
193;5;1;1;2;1;1;;2;3;4;3;5;5;4;2;2;2;2;1;4;4;;4;5;2;;2;;2;;2;2;4;1;1;3;3;3;3;2;1;3;3;3;3;2;1;5;4;4;3;3;1;1;1;1;1;1;1;1;1;1;;1;1;1;1;1;;;;;1;;1;;;4;4;2;1;3;3;4;1;1;1;1;;1;1;2;2;1;1;1;2;2;2;2;;4;;;;;1;;;1;4
194;5;1;1;1;4;1;;2;5;5;;5;5;4;1;2;1;1;1;3;1;;5;5;;;;;;;3;1;4;2;2;4;2;3;3;2;1;4;4;1;4;3;1;5;4;3;2;3;1;;1;;1;1;;;1;1;;;1;2;1;;;;;;1;1;1;;;5;3;2;1;2;3;4;1;1;1;1;;1;1;2;2;2;1;1;2;2;2;4;;4;;;;;1;;;2;4
195;5;1;1;1;1;1;;1;4;5;;2;5;5;1;1;1;2;2;2;1;;5;5;;;;;;;2;1;3;2;2;3;2;2;1;1;1;1;1;1;4;2;2;4;3;1;2;3;;1;1;;1;;;1;1;;;1;2;2;1;;;;1;;1;;;;;4;3;2;2;1;2;2;1;1;1;1;;1;1;1;2;2;2;2;2;2;2;4;;4;;;;;1;;;1;2
196;5;1;1;1;2;1;;4;5;5;;1;1;5;1;1;1;1;1;1;1;;5;5;;;;;;;1;1;4;1;1;1;1;1;4;1;1;1;1;1;3;1;1;1;1;3;1;2;;1;;1;;1;;1;1;;;1;1;1;1;1;;;;;1;;1;;;5;4;1;1;1;1;1;1;1;1;1;;1;1;2;2;2;2;2;2;2;2;1;;1;;1;;;;;;1;5
197;5;1;1;2;1;1;;3;5;5;;2;5;5;5;1;5;1;1;3;2;;5;5;;;;;;;1;1;1;1;1;4;4;2;1;1;1;4;4;1;3;2;1;4;4;4;1;2;1;;1;;1;;1;;1;;1;;2;2;1;1;;;;;1;;;;;5;1;1;1;1;2;4;1;1;1;1;;1;2;2;2;2;1;1;2;2;2;4;;4;;;;;1;;;1;2
198;5;1;1;5;1;1;;2;5;5;;5;5;5;1;4;5;1;1;2;2;;5;5;;;;;;;1;1;4;2;1;3;2;3;4;2;1;3;2;3;4;2;1;4;1;3;2;2;;;;;;;;;;;;;2;2;1;1;1;;;;1;;;;;5;4;1;1;3;2;5;1;1;1;1;;1;1;2;2;1;2;1;2;2;2;4;;4;;;;;1;;;1;2
199;5;1;1;1;1;1;;2;;;;;;;;;;;;;;;;;;;;;;;;;;;;;;;;;;;;;;;;;;;;;;;;;;;;;;;;;;;;;;;;;;;;;;;;;;;;;;;;;;;;;;;;;;;;;;;;;;;;;;2;4
200;5;1;1;1;2;1;;1;4;5;;5;2;4;1;3;1;1;1;5;2;;5;5;;;;;;;1;1;1;1;1;3;1;1;1;1;1;1;1;1;2;1;1;3;3;3;3;2;1;;1;;1;;1;;1;;1;;1;1;1;;1;;;1;1;;;;;4;2;1;1;4;1;1;1;1;1;1;;1;1;2;2;1;2;2;2;2;2;2;;4;;;1;;;;;1;5
201;5;1;1;4;2;2;-;1;5;5;;2;2;5;2;2;1;1;2;5;4;-;4;4;2;2;1;1;3;3;2;2;4;3;2;4;3;2;;;;;;;3;2;2;4;3;3;2;2;1;1;;;1;;1;1;1;1;;;2;2;1;1;;;;;1;;1;;;5;3;2;2;1;1;2;1;1;1;1;;1;1;2;2;2;2;2;2;2;2;1;;1;;;;;1;;;1;6
202;5;1;1;1;1;1;;1;5;4;;5;5;4;1;1;2;1;1;3;1;;4;5;1;;1;;1;;1;1;3;3;2;4;3;3;2;1;1;1;1;1;4;3;2;4;3;4;2;3;1;;1;;1;;1;;1;;1;;2;2;1;;;;;;1;;;;;5;3;3;2;2;2;1;1;1;1;1;;1;1;1;2;2;2;2;2;2;2;1;;1;;1;;;;;;2;4
203;5;;;;;1;;1;5;5;;5;5;5;;;;;1;2;1;;5;5;;;;;;;2;1;3;;;4;;;1;;;;;;;;;4;4;;;;1;;;;1;;1;;;;;;1;1;1;;1;;;;1;;;;;5;;;;;;;;;;1;;1;;;;;;;;;;2;;4;;;;;1;;;2;5
204;5;1;1;1;1;1;;4;5;5;;1;1;2;1;4;1;1;1;1;1;;4;3;1;1;1;1;1;1;1;1;2;1;1;3;5;1;1;1;1;1;1;1;2;2;2;4;4;3;2;4;1;;1;;1;;1;;1;;1;;1;2;1;;;;;1;1;;;;;4;1;1;1;1;1;1;1;1;1;1;;1;2;2;2;2;2;2;2;2;2;1;;4;;;;;1;;;1;6
205;5;1;1;1;1;3;;4;5;5;;5;5;5;1;4;1;1;1;1;1;;3;5;2;;2;;3;;1;1;4;3;1;3;2;1;4;1;1;3;4;1;5;2;1;3;2;2;1;1;;;;;1;1;;;;;;;1;2;1;;;;;;;;;;;4;3;2;1;1;1;4;1;1;1;1;;1;1;2;2;2;2;2;2;2;2;4;;4;;;;;1;;;2;4
206;5;2;1;1;1;2;Keine;1;4;3;1;1;5;5;1;1;5;1;5;3;1;Keine;4;5;2;;2;;4;;2;1;3;2;3;4;4;3;1;1;1;1;1;1;3;4;3;5;5;3;2;3;1;;1;;1;;1;;;;;;2;2;1;;;;;;;;;;;4;2;2;2;1;2;2;1;1;1;4;Empfehlungen von Freunden;1;2;2;1;2;1;2;2;2;2;1;;2;;;;;1;;;2;2
207;5;1;1;3;1;1;;2;5;5;;5;4;5;1;4;1;1;1;4;2;;4;5;3;;3;;3;;1;1;4;3;3;3;2;3;2;2;1;2;3;3;3;1;2;4;3;3;3;3;1;1;;;1;;1;;1;1;1;1;1;2;1;;;;;;1;;;;;5;5;2;1;1;1;2;1;2;1;1;;1;1;2;2;2;2;2;2;2;2;1;;4;;1;;;;;;2;7
208;5;1;1;2;1;1;;3;5;5;;5;5;2;5;1;1;1;4;5;3;Pinterest;4;5;2;;3;;3;;4;3;4;2;1;4;4;3;2;1;1;4;4;1;4;1;1;4;4;3;3;3;1;1;1;;1;;;1;1;;;;2;2;1;;1;1;;;;;1;;;5;4;3;1;3;3;1;4;1;1;1;;1;1;2;2;1;1;2;1;2;2;1;;3;;;;;;1;AbhÑngig vom Produkt;2;5
209;5;1;1;3;3;1;;2;4;5;;3;2;5;2;3;1;1;1;3;1;;5;5;;;;;;;2;1;4;1;1;3;3;3;1;1;1;1;1;1;4;3;2;4;3;3;3;2;1;;1;;1;;1;;1;;;;1;2;1;;;;;;;;;;;5;4;1;1;2;1;3;1;3;1;1;;1;1;2;2;2;2;1;2;2;2;4;;4;;1;;;1;;;1;5
210;3;3;3;4;2;5;duck duck go, Startpage (ja, ich weiss, die braucht hintenrum den gugel);3;5;5;;1;1;2;1;4;1;1;1;2;1;;4;4;2;2;2;1;3;3;2;2;4;2;1;3;3;2;4;2;1;3;3;2;4;2;1;4;4;3;1;1;;;1;;1;1;;;;;1;1;2;2;1;1;;;;;1;;1;;;4;4;2;1;1;1;2;1;3;1;1;;1;1;2;2;2;2;2;2;2;2;1;;1;;1;;;;;;1;6
211;5;2;1;3;4;4;Duckduckgo;2;5;5;;5;5;3;4;4;2;1;1;2;1;;4;5;2;;3;;3;;3;1;;;;;;;;;;;;;;;;;;;;;;;;;;;;;;;;;;;;;;;;;;;;;;;;;;;;;;;;;;;;;;;;;;;;;;;;;;;;;;2;4
212;5;1;1;4;1;1;;1;3;4;1;5;5;4;1;2;5;5;5;5;3;Datingapps;5;5;;;;;;;2;1;;;;;;;;;;;;;;;;;;;;;;;;;;;;;;;;;;;;;;;;;;;;;;;;;;;;;;;;;;;;;;;;;;;;;;;;;;;;;;2;4
213;5;4;3;1;1;1;;1;5;5;;1;1;4;1;1;1;1;5;1;1;;5;5;;;;;;;1;1;2;3;1;4;1;1;2;3;1;4;4;1;3;2;1;4;4;3;1;2;;1;;;;1;;;;1;;;2;2;1;;;;;;;;;;;4;4;3;1;1;1;2;1;1;1;1;;2;1;1;2;2;2;2;2;2;2;1;;4;;;;;1;;;1;5
214;5;1;1;1;1;1;;4;5;4;;5;4;5;1;1;3;1;1;5;3;;2;2;4;4;3;3;3;3;4;4;;;;;;;;;;;;;;;;;;;;;;;;;;;;;;;;;;;;;;;;;;;;;;;;;;;;;;;;;;;;;;;;;;;;;;;;;;;;;;2;5
215;5;1;1;2;1;5;DuckDuckGo;2;5;5;;1;1;5;5;2;1;2;1;4;4;;4;4;2;2;3;3;3;3;2;2;4;3;1;3;3;3;5;3;1;3;3;3;4;2;1;4;4;3;3;2;;;;;;;;;;;;;2;2;1;;;1;;;1;;1;;;5;4;2;1;1;1;4;2;1;1;1;;1;1;2;2;2;2;1;2;2;2;4;;5;Ich mˆchte keine Werbebotschaften, sondern unabhÑngige Tester konsumieren;;;;1;;;1;3
216;5;5;1;1;1;2;;3;5;5;;1;1;4;2;2;1;1;5;3;3;Reddit;5;5;;;;;;;1;1;3;4;2;3;3;2;3;4;2;3;3;2;3;3;2;4;4;3;2;2;;;;;;;;;;;;;2;2;1;;;;;;1;;1;;;4;4;3;2;1;1;3;1;1;1;1;;;;;;;;;;;;;;;;;;;;;;2;5
217;5;1;1;1;1;1;;3;5;4;;1;1;5;1;4;1;4;1;3;1;;5;3;;1;;1;;1;1;1;3;2;1;4;4;2;4;1;1;4;4;1;3;3;2;4;4;4;2;3;;1;1;;1;1;;1;;;;;2;2;1;;1;;;;1;;1;;;4;3;2;1;1;1;4;1;1;1;1;;1;1;2;2;2;2;1;2;2;2;4;;4;;;;;1;;;1;4
218;5;1;1;1;1;1;;2;5;5;;5;5;4;1;2;1;1;1;5;4;;2;4;4;2;2;1;4;3;4;4;;;;;;;;;;;;;;;;;;;;;;;;;;;;;;;;;;;;;;;;;;;;;;;;;;;;;;;;;;;;;;;;;;;;;;;;;;;;;;2;5
219;5;1;1;2;1;1;;3;5;5;;5;5;5;4;4;1;2;1;4;3;;3;3;3;3;2;2;3;3;1;1;5;3;1;4;4;3;4;3;1;4;4;3;4;4;2;5;5;3;3;2;1;1;1;;;;;1;;1;;1;2;2;1;;;1;;1;1;;;;;4;4;3;1;3;2;4;1;1;1;1;;1;1;1;2;2;2;1;2;2;2;;;;;;;;;;;2;5
220;5;2;1;1;1;1;;2;5;5;;1;1;5;1;1;1;1;1;1;1;;5;5;;;;;;;1;1;4;3;1;4;4;1;4;3;1;4;4;1;4;4;2;5;5;4;2;3;1;;1;;1;;;;;;;;2;2;1;;1;;;1;1;;;;;5;4;3;1;1;1;5;1;1;1;1;;1;1;2;2;2;2;2;2;2;2;1;;1;;1;;;;;;2;5
221;5;2;1;1;1;1;;1;5;5;;1;1;5;1;1;1;1;1;2;2;;5;5;;;;;;;1;1;3;2;1;4;3;2;2;1;1;2;3;1;4;2;2;4;4;3;2;1;1;;;;1;;;1;;;;;2;2;1;;;;;;;;;;;4;4;1;1;1;1;2;1;1;1;1;;2;1;2;2;2;2;2;2;2;2;1;;4;;;;;1;;;2;3
222;5;4;2;2;1;2;duckduckgo.com;1;5;5;;3;3;4;2;3;2;1;1;2;1;;3;4;1;1;1;1;5;5;2;1;3;2;2;4;3;2;1;1;1;2;2;1;3;2;1;3;3;4;2;2;1;;1;;;;;;;;1;;1;1;1;;;;1;;1;1;;;;4;3;1;1;1;1;3;2;1;1;1;;1;1;2;2;1;2;1;2;2;2;4;;3;;;;;1;;;2;3
223;5;1;1;1;1;1;;1;5;5;;5;1;4;1;1;1;1;1;2;1;;4;5;2;;2;;2;;2;1;2;1;1;3;3;2;2;1;1;3;3;1;4;2;1;4;4;3;2;3;1;1;;1;;1;1;1;1;1;;1;2;2;1;1;;;;;1;;;;;4;2;1;1;2;1;1;1;1;1;1;;1;1;2;2;1;2;2;2;2;2;1;;1;;;1;;1;;;1;4
224;5;1;1;1;1;1;;1;5;5;;5;5;5;2;1;1;1;1;3;1;;5;5;;;;;;;3;1;5;3;3;4;4;2;2;1;1;4;4;1;5;4;2;4;4;4;2;3;1;1;1;;1;1;1;1;1;1;1;1;1;1;1;;1;;;;1;;1;;;5;5;4;2;2;2;2;1;1;1;1;;1;1;1;2;2;2;2;2;2;2;1;;2;;1;1;;;;;1;4
225;4;1;1;3;1;1;;2;1;4;1;1;1;5;1;1;4;1;1;5;2;;2;4;4;2;4;2;5;5;2;2;4;3;1;3;1;1;2;1;1;2;2;1;5;3;2;3;3;4;3;3;;1;;;;;;;;1;;;2;2;1;1;;;;;1;;;;;3;4;1;1;1;1;3;1;1;1;1;;1;1;2;2;2;2;2;2;2;2;1;;4;;1;1;;;;;2;5
226;5;1;1;2;1;1;;3;5;5;;1;1;2;2;1;1;1;1;1;1;;5;5;;;;;;;2;1;2;1;1;2;1;1;1;1;1;2;2;1;3;2;2;4;3;4;2;4;1;1;;;1;1;1;;;;;;2;2;1;1;1;;;1;;;;;;5;2;1;1;1;1;2;1;1;1;1;;1;1;2;2;2;2;1;2;2;2;1;;5;Keine;1;;;1;;;1;6
227;5;1;1;2;1;1;;1;5;5;;4;5;5;2;4;4;4;1;2;1;;4;5;2;;1;;2;;1;1;3;2;2;3;3;3;3;2;2;3;3;1;4;4;4;3;4;5;3;2;;;;;;;;;;;;;1;1;1;;;;;;1;1;;;;5;3;2;2;2;2;1;1;1;1;1;;1;2;2;2;2;2;2;2;2;2;2;;2;;;1;;;;;2;3
228;5;1;1;1;1;1;;1;3;3;1;;;;;;;;;;;;;;;;;;;;;;;;;;;;;;;;;;;;;;;;;;;;;;;;;;;;;;;;;;;;;;;;;;;;;;;;;;;;;;;;;;;;;;;;;;;;;;;;;;;2;5
229;5;1;1;2;1;1;;3;5;5;;2;3;4;1;1;1;1;1;3;1;;5;5;;;;;;;1;1;2;2;1;4;4;2;1;1;1;4;4;1;4;3;2;5;5;3;2;2;1;;1;;1;;;;;;;;1;1;1;;;;;;1;;;;;4;2;2;1;1;2;1;1;1;1;1;;1;1;1;2;2;1;2;2;2;2;2;;2;;1;1;;;;;2;3
230;5;1;1;4;1;2;Safari;2;4;5;;4;5;4;1;1;1;1;1;2;2;;5;5;;;;;;;1;1;1;1;1;2;2;1;1;1;1;1;1;1;2;2;2;4;4;3;2;2;1;1;1;1;1;1;;1;;1;;1;1;1;1;1;;;;;;;;;;2;2;1;1;2;2;1;1;1;1;1;;1;2;2;2;2;1;2;2;2;2;2;;2;;1;1;;;;;2;5
231;5;2;2;2;2;2;Duckduckgo;2;4;4;1;5;5;4;3;4;2;1;2;3;3;Xing;4;4;2;2;2;2;2;2;2;2;4;2;3;3;3;2;4;2;2;3;4;2;4;3;2;4;4;3;2;2;1;1;;;1;;1;1;1;1;1;;1;1;1;;;;1;;1;;1;;;4;3;3;2;2;2;2;2;2;1;2;Xing;1;1;1;1;1;1;1;2;2;2;1;;4;;;;;1;;;1;3
232;5;2;1;2;1;1;;2;5;5;;5;5;5;1;1;1;1;1;2;2;;4;4;2;1;2;1;4;1;2;1;;;;;;;;;;;;;;;;;;;;;;;;;;;;;;;;;;;;;;;;;;;;;;;;;;;;;;;;;;;;;;;;;;;;;;;;;;;;;;;
